{
  "No ROI": {
    "Voxels": 188686.0,
    "Mean": 16.146924501953524,
    "Std_dev": 29.749680210217694,
    "Conf_Int_95": 0.13423585524564535,
    "Min": -1.1941255293786526,
    "Max": 292.3494050465524,
    "Excluded_Voxels": 171046.0
  },
  "Frontal Pole": {
    "Voxels": 4404.0,
    "Mean": 93.99883476308683,
    "Std_dev": 44.29593078214224,
    "Conf_Int_95": 1.3082665821077093,
    "Min": 1.363205250352621,
    "Max": 266.8395021446049,
    "Excluded_Voxels": 1851.0
  },
  "Insular Cortex": {
    "Voxels": 905.0,
    "Mean": 85.40355660033242,
    "Std_dev": 21.911648480032326,
    "Conf_Int_95": 1.4276009682570998,
    "Min": 24.601099401712418,
    "Max": 173.99360036477447,
    "Excluded_Voxels": 118.0
  },
  "Superior Frontal Gyrus": {
    "Voxels": 1634.0,
    "Mean": 104.33563971592426,
    "Std_dev": 47.85037800875534,
    "Conf_Int_95": 2.320146553440917,
    "Min": 0.25361958146095276,
    "Max": 265.45516192913055,
    "Excluded_Voxels": 455.0
  },
  "Middle Frontal Gyrus": {
    "Voxels": 1707.0,
    "Mean": 112.15461152785647,
    "Std_dev": 48.33377193906809,
    "Conf_Int_95": 2.2929257911957848,
    "Min": 2.345981128513813,
    "Max": 267.9807902611792,
    "Excluded_Voxels": 448.0
  },
  "Inferior Frontal Gyrus, pars triangularis": {
    "Voxels": 452.0,
    "Mean": 114.34172772752137,
    "Std_dev": 36.14534217840846,
    "Conf_Int_95": 3.332262412845278,
    "Min": 7.122483246028423,
    "Max": 240.10377126559615,
    "Excluded_Voxels": 129.0
  },
  "Inferior Frontal Gyrus, pars opercularis": {
    "Voxels": 446.0,
    "Mean": 115.57413998974546,
    "Std_dev": 34.47882690445547,
    "Conf_Int_95": 3.1999347531478652,
    "Min": 17.108754266053438,
    "Max": 236.288910061121,
    "Excluded_Voxels": 132.0
  },
  "Precentral Gyrus": {
    "Voxels": 2707.0,
    "Mean": 127.50441825611976,
    "Std_dev": 46.18759083163612,
    "Conf_Int_95": 1.7399519427339036,
    "Min": 1.8070395179092884,
    "Max": 308.4648159518838,
    "Excluded_Voxels": 692.0
  },
  "Temporal Pole": {
    "Voxels": 1597.0,
    "Mean": 57.18007245060796,
    "Std_dev": 36.05908738919982,
    "Conf_Int_95": 1.768554079446366,
    "Min": 1.2998003549873829,
    "Max": 194.13522212579846,
    "Excluded_Voxels": 377.0
  },
  "Superior Temporal Gyrus, anterior division": {
    "Voxels": 231.0,
    "Mean": 81.34418056589185,
    "Std_dev": 36.05143162226273,
    "Conf_Int_95": 4.64913970615242,
    "Min": 12.871193759143353,
    "Max": 207.74613966420293,
    "Excluded_Voxels": 22.0
  },
  "Superior Temporal Gyrus, posterior division": {
    "Voxels": 471.0,
    "Mean": 88.82682565758657,
    "Std_dev": 45.20068728085693,
    "Conf_Int_95": 4.082165952584281,
    "Min": 2.345981128513813,
    "Max": 242.4708873592317,
    "Excluded_Voxels": 73.0
  },
  "Middle Temporal Gyrus, anterior division": {
    "Voxels": 317.0,
    "Mean": 88.09266812549404,
    "Std_dev": 34.630076849612514,
    "Conf_Int_95": 3.81223703023522,
    "Min": 9.965136054903269,
    "Max": 198.65810466185212,
    "Excluded_Voxels": 48.0
  },
  "Middle Temporal Gyrus, posterior division": {
    "Voxels": 809.0,
    "Mean": 101.50793269224584,
    "Std_dev": 40.90308867353976,
    "Conf_Int_95": 2.818628988959084,
    "Min": 8.686470665037632,
    "Max": 246.05326394736767,
    "Excluded_Voxels": 271.0
  },
  "Middle Temporal Gyrus, temporooccipital part": {
    "Voxels": 595.0,
    "Mean": 128.05417840380002,
    "Std_dev": 43.87593859391005,
    "Conf_Int_95": 3.5255267033086746,
    "Min": 6.784323804080486,
    "Max": 279.0026745721698,
    "Excluded_Voxels": 195.0
  },
  "Inferior Temporal Gyrus, anterior division": {
    "Voxels": 216.0,
    "Mean": 58.685389160609766,
    "Std_dev": 26.757291192887315,
    "Conf_Int_95": 3.568382006400408,
    "Min": 5.410551071166992,
    "Max": 150.4703841842711,
    "Excluded_Voxels": 106.0
  },
  "Inferior Temporal Gyrus, posterior division": {
    "Voxels": 616.0,
    "Mean": 75.14958862139082,
    "Std_dev": 38.6253671444591,
    "Conf_Int_95": 3.0502703682138237,
    "Min": 4.406640227884054,
    "Max": 223.30147399380803,
    "Excluded_Voxels": 392.0
  },
  "Inferior Temporal Gyrus, temporooccipital part": {
    "Voxels": 518.0,
    "Mean": 121.36557875926027,
    "Std_dev": 42.097968284074724,
    "Conf_Int_95": 3.6253699285345116,
    "Min": 10.334997944533825,
    "Max": 225.7425624653697,
    "Excluded_Voxels": 127.0
  },
  "Postcentral Gyrus": {
    "Voxels": 2083.0,
    "Mean": 132.00859644056524,
    "Std_dev": 44.54608503697865,
    "Conf_Int_95": 1.9130264651058333,
    "Min": 6.742053873836994,
    "Max": 346.2647010721266,
    "Excluded_Voxels": 505.0
  },
  "Superior Parietal Lobule": {
    "Voxels": 813.0,
    "Mean": 135.41189051076293,
    "Std_dev": 44.34453592452285,
    "Conf_Int_95": 3.048252318713244,
    "Min": -0.7502912618219852,
    "Max": 274.0148228034377,
    "Excluded_Voxels": 280.0
  },
  "Supramarginal Gyrus, anterior division": {
    "Voxels": 530.0,
    "Mean": 132.7196653219678,
    "Std_dev": 52.686919346445755,
    "Conf_Int_95": 4.4856041228753485,
    "Min": 4.723664704710245,
    "Max": 287.43552565574646,
    "Excluded_Voxels": 167.0
  },
  "Supramarginal Gyrus, posterior division": {
    "Voxels": 811.0,
    "Mean": 124.30549281637118,
    "Std_dev": 49.51882043658617,
    "Conf_Int_95": 3.408128297837878,
    "Min": 8.686470665037632,
    "Max": 291.4934389591217,
    "Excluded_Voxels": 221.0
  },
  "Angular Gyrus": {
    "Voxels": 726.0,
    "Mean": 117.76565590361261,
    "Std_dev": 38.89879473476231,
    "Conf_Int_95": 2.8295925677345455,
    "Min": 13.547512643039227,
    "Max": 297.4534991234541,
    "Excluded_Voxels": 202.0
  },
  "Lateral Occipital Cortex, superior division": {
    "Voxels": 2643.0,
    "Mean": 118.80411303672986,
    "Std_dev": 44.06595440722335,
    "Conf_Int_95": 1.6800053725126407,
    "Min": 1.1729905642569065,
    "Max": 287.4566606208682,
    "Excluded_Voxels": 936.0
  },
  "Lateral Occipital Cortex, inferior division": {
    "Voxels": 1388.0,
    "Mean": 125.7628181571039,
    "Std_dev": 44.46494253691923,
    "Conf_Int_95": 2.3392631187012354,
    "Min": 8.527958426624537,
    "Max": 272.22891825065017,
    "Excluded_Voxels": 465.0
  },
  "Intracalcarine Cortex": {
    "Voxels": 433.0,
    "Mean": 118.30103925252484,
    "Std_dev": 37.332605375256755,
    "Conf_Int_95": 3.516417419606996,
    "Min": 33.66799943894148,
    "Max": 264.71543814986944,
    "Excluded_Voxels": 131.0
  },
  "Frontal Medial Cortex": {
    "Voxels": 318.0,
    "Mean": 63.40981356466904,
    "Std_dev": 34.26916596579197,
    "Conf_Int_95": 3.766570027444687,
    "Min": 5.590198274701834,
    "Max": 215.5555092766881,
    "Excluded_Voxels": 55.0
  },
  "Juxtapositional Lobule Cortex (formerly Supplementary Motor Cortex)": {
    "Voxels": 485.0,
    "Mean": 119.95251861379012,
    "Std_dev": 35.505264780986785,
    "Conf_Int_95": 3.1599336070437896,
    "Min": 19.983109522610903,
    "Max": 287.7631176151335,
    "Excluded_Voxels": 53.0
  },
  "Subcallosal Cortex": {
    "Voxels": 479.0,
    "Mean": 56.513573042535086,
    "Std_dev": 22.815549381537913,
    "Conf_Int_95": 2.0432393568443206,
    "Min": 3.1808122508227825,
    "Max": 112.04701759293675,
    "Excluded_Voxels": 49.0
  },
  "Paracingulate Gyrus": {
    "Voxels": 909.0,
    "Mean": 114.24162447455824,
    "Std_dev": 33.27307184726836,
    "Conf_Int_95": 2.163052336143319,
    "Min": 21.811284005641937,
    "Max": 228.26819079741836,
    "Excluded_Voxels": 78.0
  },
  "Cingulate Gyrus, anterior division": {
    "Voxels": 736.0,
    "Mean": 97.94765550393672,
    "Std_dev": 34.59840747171889,
    "Conf_Int_95": 2.4996158699624766,
    "Min": 10.546347595751286,
    "Max": 226.35547645390034,
    "Excluded_Voxels": 262.0
  },
  "Cingulate Gyrus, posterior division": {
    "Voxels": 762.0,
    "Mean": 87.0775817912023,
    "Std_dev": 36.55485400113538,
    "Conf_Int_95": 2.595515575384364,
    "Min": 4.681394774466753,