{
  "No ROI": {
    "Voxels": 185031.0,
    "Mean": 15.99140496902985,
    "Std_dev": 30.043039075006817,
    "Conf_Int_95": 0.13689187940459274,
    "Median": 4.882176943123341,
    "Min": -1.1941255293786526,
    "Max": 292.3494050465524,
    "Excluded_Voxels": 166860.0
  },
  "Frontal Pole": {
    "Voxels": 4890.0,
    "Mean": 81.8312223741278,
    "Std_dev": 48.222759953030675,
    "Conf_Int_95": 1.351617184286352,
    "Median": 84.53457674570382,
    "Min": 0.28532202914357185,
    "Max": 266.8395021446049,
    "Excluded_Voxels": 1832.0
  },
  "Insular Cortex": {
    "Voxels": 970.0,
    "Mean": 84.48288323565089,
    "Std_dev": 22.08829006533703,
    "Conf_Int_95": 1.390056014169528,
    "Median": 82.39466152712703,
    "Min": 24.601099401712418,
    "Max": 173.99360036477447,
    "Excluded_Voxels": 118.0
  },
  "Superior Frontal Gyrus": {
    "Voxels": 1622.0,
    "Mean": 93.34957067120898,
    "Std_dev": 52.172616176151955,
    "Conf_Int_95": 2.539061739319544,
    "Median": 98.99089288897812,
    "Min": 0.25361958146095276,
    "Max": 265.45516192913055,
    "Excluded_Voxels": 420.0
  },
  "Middle Frontal Gyrus": {
    "Voxels": 1858.0,
    "Mean": 99.28139059580221,
    "Std_dev": 55.6920689637706,
    "Conf_Int_95": 2.5323665528402324,
    "Median": 108.48577596992254,
    "Min": 0.31702447682619095,
    "Max": 267.9807902611792,
    "Excluded_Voxels": 475.0
  },
  "Inferior Frontal Gyrus, pars triangularis": {
    "Voxels": 516.0,
    "Mean": 109.6484857662617,
    "Std_dev": 39.107958242642184,
    "Conf_Int_95": 3.3743984533693383,
    "Median": 112.89769993908703,
    "Min": 6.319354571402073,
    "Max": 240.10377126559615,
    "Excluded_Voxels": 142.0
  },
  "Inferior Frontal Gyrus, pars opercularis": {
    "Voxels": 500.0,
    "Mean": 113.44849826512485,
    "Std_dev": 36.273374952501236,
    "Conf_Int_95": 3.1795015009515337,
    "Median": 112.59652668610215,
    "Min": 14.350641317665577,
    "Max": 236.288910061121,
    "Excluded_Voxels": 142.0
  },
  "Precentral Gyrus": {
    "Voxels": 2858.0,
    "Mean": 119.47162435192841,
    "Std_dev": 52.24017631398495,
    "Conf_Int_95": 1.9152681789143284,
    "Median": 126.18102551810443,
    "Min": 1.8070395179092884,
    "Max": 308.4648159518838,
    "Excluded_Voxels": 697.0
  },
  "Temporal Pole": {
    "Voxels": 1773.0,
    "Mean": 50.9528784143428,
    "Std_dev": 36.00506267858085,
    "Conf_Int_95": 1.675966273646064,
    "Median": 43.92902500554919,
    "Min": 1.2998003549873829,
    "Max": 182.11999445408583,
    "Excluded_Voxels": 374.0
  },
  "Superior Temporal Gyrus, anterior division": {
    "Voxels": 256.0,
    "Mean": 81.19199119739642,
    "Std_dev": 38.97197834130863,
    "Conf_Int_95": 4.774067346810307,
    "Median": 84.99954597838223,
    "Min": 8.08412415906787,
    "Max": 195.51956234127283,
    "Excluded_Voxels": 18.0
  },
  "Superior Temporal Gyrus, posterior division": {
    "Voxels": 493.0,
    "Mean": 89.2211909562833,
    "Std_dev": 44.809297103118766,
    "Conf_Int_95": 3.955494119187044,
    "Median": 86.79073427245021,
    "Min": 2.345981128513813,
    "Max": 242.4708873592317,
    "Excluded_Voxels": 68.0
  },
  "Middle Temporal Gyrus, anterior division": {
    "Voxels": 338.0,
    "Mean": 78.81175343838889,
    "Std_dev": 37.733683192630544,
    "Conf_Int_95": 4.022785907593974,
    "Median": 76.48215503431857,
    "Min": 5.674738135188818,
    "Max": 198.65810466185212,
    "Excluded_Voxels": 54.0
  },
  "Middle Temporal Gyrus, posterior division": {
    "Voxels": 903.0,
    "Mean": 95.79740082934615,
    "Std_dev": 45.08420999441224,
    "Conf_Int_95": 2.940604789033721,
    "Median": 95.32926018163562,
    "Min": 4.406640227884054,
    "Max": 246.05326394736767,
    "Excluded_Voxels": 289.0
  },
  "Middle Temporal Gyrus, temporooccipital part": {
    "Voxels": 650.0,
    "Mean": 125.72254309395184,
    "Std_dev": 44.98141522775583,
    "Conf_Int_95": 3.4580598725452263,
    "Median": 126.69883216358721,
    "Min": 6.784323804080486,
    "Max": 279.0026745721698,
    "Excluded_Voxels": 199.0
  },
  "Inferior Temporal Gyrus, anterior division": {
    "Voxels": 236.0,
    "Mean": 48.5530150654268,
    "Std_dev": 26.370838352694264,
    "Conf_Int_95": 3.3645269122528374,
    "Median": 44.684600008651614,
    "Min": 3.1808122508227825,
    "Max": 150.4703841842711,
    "Excluded_Voxels": 104.0
  },
  "Inferior Temporal Gyrus, posterior division": {
    "Voxels": 680.0,
    "Mean": 63.89300427664181,
    "Std_dev": 40.91272622553688,
    "Conf_Int_95": 3.0751056041018723,
    "Median": 61.50803224556148,
    "Min": 0.5389416106045246,
    "Max": 223.30147399380803,
    "Excluded_Voxels": 418.0
  },
  "Inferior Temporal Gyrus, temporooccipital part": {
    "Voxels": 533.0,
    "Mean": 109.8060966709709,
    "Std_dev": 47.99828881785928,
    "Conf_Int_95": 4.074911879530834,
    "Median": 113.04036095365882,
    "Min": 4.448910158127546,
    "Max": 225.7425624653697,
    "Excluded_Voxels": 151.0
  },
  "Postcentral Gyrus": {
    "Voxels": 2289.0,
    "Mean": 121.88541772330481,
    "Std_dev": 52.73458472945343,
    "Conf_Int_95": 2.160372823549731,
    "Median": 126.04893198609352,
    "Min": -0.07397237792611122,
    "Max": 346.2647010721266,
    "Excluded_Voxels": 521.0
  },
  "Superior Parietal Lobule": {
    "Voxels": 900.0,
    "Mean": 124.3410389378998,
    "Std_dev": 52.82796207772818,
    "Conf_Int_95": 3.4514268557449075,
    "Median": 130.3710323534906,
    "Min": -0.7502912618219852,
    "Max": 274.0148228034377,
    "Excluded_Voxels": 286.0
  },
  "Supramarginal Gyrus, anterior division": {
    "Voxels": 565.0,
    "Mean": 125.34794317388297,
    "Std_dev": 58.95823834647451,
    "Conf_Int_95": 4.861567789448339,
    "Median": 130.63521941751242,
    "Min": 3.603511553257704,
    "Max": 287.43552565574646,
    "Excluded_Voxels": 197.0
  },
  "Supramarginal Gyrus, posterior division": {
    "Voxels": 876.0,
    "Mean": 120.18537851181476,
    "Std_dev": 52.60278396099209,
    "Conf_Int_95": 3.483475398370902,
    "Median": 121.8642088919878,
    "Min": 8.369446188211441,
    "Max": 291.4934389591217,
    "Excluded_Voxels": 231.0
  },
  "Angular Gyrus": {
    "Voxels": 797.0,
    "Mean": 112.04909926766958,
    "Std_dev": 43.73107290742668,
    "Conf_Int_95": 3.0361067909072963,
    "Median": 115.33350466936827,
    "Min": 4.015643373131752,
    "Max": 297.4534991234541,
    "Excluded_Voxels": 203.0
  },
  "Lateral Occipital Cortex, superior division": {
    "Voxels": 2879.0,
    "Mean": 111.84482593720014,
    "Std_dev": 48.81996052926789,
    "Conf_Int_95": 1.7833338900292617,
    "Median": 115.77733893692493,
    "Min": 0.8771010525524616,
    "Max": 287.4566606208682,
    "Excluded_Voxels": 1010.0
  },
  "Lateral Occipital Cortex, inferior division": {
    "Voxels": 1509.0,
    "Mean": 116.75609510999007,
    "Std_dev": 49.34654443776055,
    "Conf_Int_95": 2.48982141186468,
    "Median": 116.18947075679898,
    "Min": 2.4622234366834164,
    "Max": 272.22891825065017,
    "Excluded_Voxels": 473.0
  },
  "Intracalcarine Cortex": {
    "Voxels": 470.0,
    "Mean": 119.42824677366842,
    "Std_dev": 37.36607972433055,
    "Conf_Int_95": 3.3781947174042477,
    "Median": 115.09573631174862,
    "Min": 33.66799943894148,
    "Max": 264.71543814986944,
    "Excluded_Voxels": 142.0
  },
  "Frontal Medial Cortex": {
    "Voxels": 356.0,
    "Mean": 57.04107425204907,
    "Std_dev": 33.08003305811222,
    "Conf_Int_95": 3.4363469613896473,
    "Median": 54.448953894898295,
    "Min": 5.590198274701834,
    "Max": 168.35056467726827,
    "Excluded_Voxels": 66.0
  },
  "Juxtapositional Lobule Cortex (formerly Supplementary Motor Cortex)": {
    "Voxels": 504.0,
    "Mean": 119.4766497517315,
    "Std_dev": 38.06889321440858,
    "Conf_Int_95": 3.323617628380006,
    "Median": 122.57751396484673,
    "Min": 11.169829066842794,
    "Max": 287.7631176151335,
    "Excluded_Voxels": 52.0
  },
  "Subcallosal Cortex": {
    "Voxels": 520.0,