{
  "No ROI": {
    "Voxels": 149825.0,
    "Mean": 24.81038573270419,
    "Std_dev": 46.7122281187967,
    "Conf_Int_95": 0.2365345093136103,
    "Median": 5.215712947770953,
    "Min": -1.1806713389232755,
    "Max": 425.13250288460404,
    "Excluded_Voxels": 133988.0
  },
  "Frontal Pole": {
    "Voxels": 4641.0,
    "Mean": 120.35052107960894,
    "Std_dev": 71.00940446948398,
    "Conf_Int_95": 2.0429896080467502,
    "Median": 121.80376406386495,
    "Min": 0.4411299508064985,
    "Max": 422.90090430993587,
    "Excluded_Voxels": 1743.0
  },
  "Insular Cortex": {
    "Voxels": 967.0,
    "Mean": 147.0308479055215,
    "Std_dev": 41.88757141874107,
    "Conf_Int_95": 2.6401464354435342,
    "Median": 147.70068705826998,
    "Min": 31.411047379486263,
    "Max": 329.2126874048263,
    "Excluded_Voxels": 116.0
  },
  "Superior Frontal Gyrus": {
    "Voxels": 625.0,
    "Mean": 166.75652525745483,
    "Std_dev": 56.30733843647396,
    "Conf_Int_95": 4.414495333419559,
    "Median": 164.3209066754207,
    "Min": 32.682539590634406,
    "Max": 342.51145798061043,
    "Excluded_Voxels": 332.0
  },
  "Middle Frontal Gyrus": {
    "Voxels": 1594.0,
    "Mean": 123.91007085809241,
    "Std_dev": 64.54246025771563,
    "Conf_Int_95": 3.168527121124438,
    "Median": 124.20402997266501,
    "Min": 4.0869392501190305,
    "Max": 387.688354707323,
    "Excluded_Voxels": 403.0
  },
  "Inferior Frontal Gyrus, pars triangularis": {
    "Voxels": 510.0,
    "Mean": 122.6625682668249,
    "Std_dev": 49.85783167596391,
    "Conf_Int_95": 4.327174113512639,
    "Median": 122.03081624442711,
    "Min": 4.995147972367704,
    "Max": 297.60702387057245,
    "Excluded_Voxels": 142.0
  },
  "Inferior Frontal Gyrus, pars opercularis": {
    "Voxels": 493.0,
    "Mean": 133.05381472075914,
    "Std_dev": 49.62443324173591,
    "Conf_Int_95": 4.380545256132003,
    "Median": 128.5115341981873,
    "Min": 20.473619481548667,
    "Max": 300.3446244476363,
    "Excluded_Voxels": 131.0
  },
  "Precentral Gyrus": {
    "Voxels": 2314.0,
    "Mean": 143.8724790804572,
    "Std_dev": 57.26118085962714,
    "Conf_Int_95": 2.333107200431028,
    "Median": 143.38669562758878,
    "Min": 3.8015022231265903,
    "Max": 374.2338912077248,
    "Excluded_Voxels": 680.0
  },
  "Temporal Pole": {
    "Voxels": 1770.0,
    "Mean": 61.40446817262866,
    "Std_dev": 49.52386379725292,
    "Conf_Int_95": 2.3071931768524503,
    "Median": 47.51229058392346,
    "Min": -1.0898504666984081,
    "Max": 257.32147983368486,
    "Excluded_Voxels": 389.0
  },
  "Superior Temporal Gyrus, anterior division": {
    "Voxels": 259.0,
    "Mean": 117.27414194124114,
    "Std_dev": 60.38359591966384,
    "Conf_Int_95": 7.354026009914857,
    "Median": 118.27472445741296,
    "Min": 5.630894077941775,
    "Max": 296.9064057134092,
    "Excluded_Voxels": 19.0
  },
  "Superior Temporal Gyrus, posterior division": {
    "Voxels": 513.0,
    "Mean": 126.46544692894085,
    "Std_dev": 63.63797578027452,
    "Conf_Int_95": 5.506983126527552,
    "Median": 131.88488088082522,
    "Min": 2.0629312405362725,
    "Max": 331.6648509548977,
    "Excluded_Voxels": 72.0
  },
  "Middle Temporal Gyrus, anterior division": {
    "Voxels": 322.0,
    "Mean": 105.78068966693274,
    "Std_dev": 57.00636475270692,
    "Conf_Int_95": 6.226607390742193,
    "Median": 101.64801763510332,
    "Min": 2.7505749873816967,
    "Max": 278.37894777953625,
    "Excluded_Voxels": 50.0
  },
  "Middle Temporal Gyrus, posterior division": {
    "Voxels": 902.0,
    "Mean": 123.0778597875048,
    "Std_dev": 59.491294879796676,
    "Conf_Int_95": 3.8824531558903566,
    "Median": 125.65716392826289,
    "Min": 4.346427456475794,
    "Max": 288.0708322869614,
    "Excluded_Voxels": 275.0
  },
  "Middle Temporal Gyrus, temporooccipital part": {
    "Voxels": 679.0,
    "Mean": 151.89814764753243,
    "Std_dev": 52.95850094522896,
    "Conf_Int_95": 3.983427044610667,
    "Median": 155.2517938632518,
    "Min": 11.326660207472742,
    "Max": 331.13290013186634,
    "Excluded_Voxels": 204.0
  },
  "Inferior Temporal Gyrus, anterior division": {
    "Voxels": 220.0,
    "Mean": 73.03354542503472,
    "Std_dev": 44.08092864951019,
    "Conf_Int_95": 5.8249937824193445,
    "Median": 64.55417853640392,
    "Min": 6.188793721608818,
    "Max": 255.58290885109454,
    "Excluded_Voxels": 82.0
  },
  "Inferior Temporal Gyrus, posterior division": {
    "Voxels": 693.0,
    "Mean": 79.58091402920111,
    "Std_dev": 52.093661986520516,
    "Conf_Int_95": 3.8785941832532385,
    "Median": 74.44716640375555,
    "Min": 4.826480638235807,
    "Max": 224.76868434622884,
    "Excluded_Voxels": 328.0
  },
  "Inferior Temporal Gyrus, temporooccipital part": {
    "Voxels": 549.0,
    "Mean": 119.18222419549126,
    "Std_dev": 56.962899640917435,
    "Conf_Int_95": 4.764989935409782,
    "Median": 124.606236692518,
    "Min": 3.0879096556454897,
    "Max": 312.96872568689287,
    "Excluded_Voxels": 144.0
  },
  "Postcentral Gyrus": {
    "Voxels": 2087.0,
    "Mean": 139.47622887315126,
    "Std_dev": 64.20108290174089,
    "Conf_Int_95": 2.754464632323695,
    "Median": 135.86802484840155,
    "Min": 2.5300100119784474,
    "Max": 412.80681308265775,
    "Excluded_Voxels": 470.0
  },
  "Superior Parietal Lobule": {
    "Voxels": 884.0,
    "Mean": 136.20439083897193,
    "Std_dev": 69.25639828104578,
    "Conf_Int_95": 4.565515703515582,
    "Median": 136.8021823912859,
    "Min": 3.503090785816312,
    "Max": 333.41639634780586,
    "Excluded_Voxels": 294.0
  },
  "Supramarginal Gyrus, anterior division": {
    "Voxels": 586.0,
    "Mean": 135.41969919221398,
    "Std_dev": 66.20768106078613,
    "Conf_Int_95": 5.360627626771996,
    "Median": 139.98740012431517,
    "Min": 2.7505749873816967,
    "Max": 326.5010356483981,
    "Excluded_Voxels": 185.0
  },
  "Supramarginal Gyrus, posterior division": {
    "Voxels": 866.0,
    "Mean": 134.25029866214342,
    "Std_dev": 59.93325343921399,
    "Conf_Int_95": 3.9917651209462277,
    "Median": 138.71590791316703,
    "Min": 1.9850847786292434,
    "Max": 317.6265389909968,
    "Excluded_Voxels": 226.0
  },
  "Angular Gyrus": {
    "Voxels": 792.0,
    "Mean": 141.56932803688127,
    "Std_dev": 57.91939984779032,
    "Conf_Int_95": 4.033829462555737,
    "Median": 145.6701918435283,
    "Min": 1.6996477516368032,
    "Max": 295.67383673321456,
    "Excluded_Voxels": 222.0
  },
  "Lateral Occipital Cortex, superior division": {
    "Voxels": 2884.0,
    "Mean": 141.25254909047436,
    "Std_dev": 67.03292812368672,
    "Conf_Int_95": 2.4465079645629606,
    "Median": 143.48400370497257,
    "Min": 1.8553406754508615,
    "Max": 373.67599156405777,
    "Excluded_Voxels": 1032.0
  },
  "Lateral Occipital Cortex, inferior division": {
    "Voxels": 1255.0,
    "Mean": 156.231491069443,
    "Std_dev": 60.706731467612954,
    "Conf_Int_95": 3.3586987987772607,
    "Median": 157.8337015165016,
    "Min": 9.289677787572145,
    "Max": 369.5501290829852,
    "Excluded_Voxels": 436.0
  },
  "Intracalcarine Cortex": {
    "Voxels": 472.0,
    "Mean": 158.55042773393237,
    "Std_dev": 49.98265355606739,
    "Conf_Int_95": 4.509250695494259,
    "Median": 157.081185718067,
    "Min": 46.18890073150396,
    "Max": 327.53898847382516,
    "Excluded_Voxels": 137.0
  },
  "Frontal Medial Cortex": {
    "Voxels": 353.0,
    "Mean": 112.26941021542638,
    "Std_dev": 52.468405974154386,
    "Conf_Int_95": 5.4735184823632315,
    "Median": 116.1469211652875,
    "Min": 6.188793721608818,
    "Max": 253.41618232801557,
    "Excluded_Voxels": 66.0
  },
  "Juxtapositional Lobule Cortex (formerly Supplementary Motor Cortex)": {
    "Voxels": 371.0,
    "Mean": 157.59138429522855,
    "Std_dev": 43.25858665672591,
    "Conf_Int_95": 4.40191287613662,
    "Median": 157.4963668482378,
    "Min": 58.92977166362107,
    "Max": 279.57259352877736,
    "Excluded_Voxels": 44.0
  },
  "Subcallosal Cortex": {
    "Voxels": 511.0,