{
  "No ROI": {
    "Voxels": 185730.0,
    "Mean": 19.454895849250555,
    "Std_dev": 38.0310945089624,
    "Conf_Int_95": 0.1729632616092964,
    "Median": 5.132630313746631,
    "Min": -1.168115864507854,
    "Max": 386.6227528518066,
    "Excluded_Voxels": 167656.0
  },
  "Frontal Pole": {
    "Voxels": 4773.0,
    "Mean": 103.79396454438785,
    "Std_dev": 60.987114127571566,
    "Conf_Int_95": 1.7302084849618036,
    "Median": 108.48138644732535,
    "Min": -0.14158980175852776,
    "Max": 320.0873451754451,
    "Excluded_Voxels": 1866.0
  },
  "Insular Cortex": {
    "Voxels": 947.0,
    "Mean": 118.00731257582625,
    "Std_dev": 35.27096611506197,
    "Conf_Int_95": 2.2464586939214755,
    "Median": 118.86463857628405,
    "Min": 25.6749507188797,
    "Max": 211.18118932284415,
    "Excluded_Voxels": 130.0
  },
  "Superior Frontal Gyrus": {
    "Voxels": 1657.0,
    "Mean": 107.94955595426866,
    "Std_dev": 66.86371648960186,
    "Conf_Int_95": 3.21947701969137,
    "Median": 114.4517564214766,
    "Min": -0.36577365454286337,
    "Max": 298.67188765946776,
    "Excluded_Voxels": 400.0
  },
  "Middle Frontal Gyrus": {
    "Voxels": 1821.0,
    "Mean": 105.46624678088263,
    "Std_dev": 64.62843505070529,
    "Conf_Int_95": 2.9684158253841173,
    "Median": 111.92673829011619,
    "Min": 0.7433464592322707,
    "Max": 337.19611288793385,
    "Excluded_Voxels": 456.0
  },
  "Inferior Frontal Gyrus, pars triangularis": {
    "Voxels": 491.0,
    "Mean": 115.94726866398143,
    "Std_dev": 47.79009857571854,
    "Conf_Int_95": 4.227204435486135,
    "Median": 118.39267257042229,
    "Min": 6.843507084995508,
    "Max": 252.50181313604116,
    "Excluded_Voxels": 144.0
  },
  "Inferior Frontal Gyrus, pars opercularis": {
    "Voxels": 486.0,
    "Mean": 123.92960586233846,
    "Std_dev": 43.50886993247977,
    "Conf_Int_95": 3.868260741011211,
    "Median": 125.00019665248692,
    "Min": 10.76082493364811,
    "Max": 282.10588085372,
    "Excluded_Voxels": 145.0
  },
  "Precentral Gyrus": {
    "Voxels": 2821.0,
    "Mean": 131.77418871605897,
    "Std_dev": 64.3081309673008,
    "Conf_Int_95": 2.3731239145311,
    "Median": 137.58988985884935,
    "Min": 0.554560056887567,
    "Max": 358.0334120467305,
    "Excluded_Voxels": 690.0
  },
  "Temporal Pole": {
    "Voxels": 1738.0,
    "Mean": 52.70136577637986,
    "Std_dev": 40.80165988913592,
    "Conf_Int_95": 1.9182668277184753,
    "Median": 41.32652338827029,
    "Min": 0.7433464592322707,
    "Max": 231.263342872262,
    "Excluded_Voxels": 369.0
  },
  "Superior Temporal Gyrus, anterior division": {
    "Voxels": 254.0,
    "Mean": 97.08912116744901,
    "Std_dev": 48.78418160331066,
    "Conf_Int_95": 5.99954391739864,
    "Median": 99.01846802979708,
    "Min": 6.902502835728228,
    "Max": 212.2667111363262,
    "Excluded_Voxels": 17.0
  },
  "Superior Temporal Gyrus, posterior division": {
    "Voxels": 501.0,
    "Mean": 104.32657831907645,
    "Std_dev": 59.94316634248915,
    "Conf_Int_95": 5.249003811421878,
    "Median": 107.51385613530874,
    "Min": 3.1621722392737865,
    "Max": 262.7316763130948,
    "Excluded_Voxels": 76.0
  },
  "Middle Temporal Gyrus, anterior division": {
    "Voxels": 325.0,
    "Mean": 84.83766850244254,
    "Std_dev": 48.847608731932226,
    "Conf_Int_95": 5.31077251715226,
    "Median": 81.27254620939493,
    "Min": 3.6931339958682656,
    "Max": 237.65848225168884,
    "Excluded_Voxels": 57.0
  },
  "Middle Temporal Gyrus, posterior division": {
    "Voxels": 902.0,
    "Mean": 109.3889530073777,
    "Std_dev": 55.82450482609552,
    "Conf_Int_95": 3.643155278028666,
    "Median": 109.21883333148435,
    "Min": 3.6341382451355457,
    "Max": 362.5052899522707,
    "Excluded_Voxels": 273.0
  },
  "Middle Temporal Gyrus, temporooccipital part": {
    "Voxels": 643.0,
    "Mean": 137.81770704247197,
    "Std_dev": 51.30340039753746,
    "Conf_Int_95": 3.9654888772432035,
    "Median": 144.78737144824117,
    "Min": 11.5631671436131,
    "Max": 268.9852258907631,
    "Excluded_Voxels": 203.0
  },
  "Inferior Temporal Gyrus, anterior division": {
    "Voxels": 238.0,
    "Mean": 51.71869924423058,
    "Std_dev": 34.459425453980984,
    "Conf_Int_95": 4.377998666584786,
    "Median": 42.15836347360164,
    "Min": 3.2093688398599625,
    "Max": 161.1881901519373,
    "Excluded_Voxels": 112.0
  },
  "Inferior Temporal Gyrus, posterior division": {
    "Voxels": 673.0,
    "Mean": 78.22857585762189,
    "Std_dev": 46.962260128922445,
    "Conf_Int_95": 3.548113705090706,
    "Median": 77.4260232616216,
    "Min": 2.4542232304811478,
    "Max": 204.7860499434173,
    "Excluded_Voxels": 403.0
  },
  "Inferior Temporal Gyrus, temporooccipital part": {
    "Voxels": 535.0,
    "Mean": 124.41868601339547,
    "Std_dev": 52.602801624938685,
    "Conf_Int_95": 4.457466168577271,
    "Median": 130.66378872282803,
    "Min": 2.1120478762313724,
    "Max": 275.54555337224156,
    "Excluded_Voxels": 145.0
  },
  "Postcentral Gyrus": {
    "Voxels": 2255.0,
    "Mean": 133.7710465138588,
    "Std_dev": 67.37844927423042,
    "Conf_Int_95": 2.7810180629478123,
    "Median": 139.2653691796586,
    "Min": 2.7256036838516593,
    "Max": 346.9186126086861,
    "Excluded_Voxels": 524.0
  },
  "Superior Parietal Lobule": {
    "Voxels": 890.0,
    "Mean": 139.2976246092165,
    "Std_dev": 68.20902069278984,
    "Conf_Int_95": 4.4812882737982624,
    "Median": 148.1501292400062,
    "Min": 2.442424080334604,
    "Max": 329.0193018363789,
    "Excluded_Voxels": 293.0
  },
  "Supramarginal Gyrus, anterior division": {
    "Voxels": 563.0,
    "Mean": 131.10897086743353,
    "Std_dev": 69.65177176684531,
    "Conf_Int_95": 5.753525499218326,
    "Median": 134.07374311517924,
    "Min": 3.3037620410323143,
    "Max": 359.11893386021256,
    "Excluded_Voxels": 182.0
  },
  "Supramarginal Gyrus, posterior division": {
    "Voxels": 867.0,
    "Mean": 127.69794236592338,
    "Std_dev": 60.47966827000706,
    "Conf_Int_95": 4.025834553066363,
    "Median": 131.2183487797156,
    "Min": 2.6902062334120274,
    "Max": 353.26655538752675,
    "Excluded_Voxels": 223.0
  },
  "Angular Gyrus": {
    "Voxels": 790.0,
    "Mean": 123.3405042958611,
    "Std_dev": 54.27682401321512,
    "Conf_Int_95": 3.784922164919174,
    "Median": 126.20960954250768,
    "Min": 3.020582437515259,
    "Max": 300.19397802837193,
    "Excluded_Voxels": 203.0
  },
  "Lateral Occipital Cortex, superior division": {
    "Voxels": 2818.0,
    "Mean": 113.70135894420076,
    "Std_dev": 54.24028027910739,
    "Conf_Int_95": 2.0026612839582056,
    "Median": 116.20393021823838,
    "Min": 1.4276971677318215,
    "Max": 363.81499561853707,
    "Excluded_Voxels": 984.0
  },
  "Lateral Occipital Cortex, inferior division": {
    "Voxels": 1500.0,
    "Mean": 116.6575603447724,
    "Std_dev": 53.68573974158167,
    "Conf_Int_95": 2.7168732857201605,
    "Median": 117.40744353318587,
    "Min": 3.1149756386876106,
    "Max": 285.97600210178643,
    "Excluded_Voxels": 481.0
  },
  "Intracalcarine Cortex": {
    "Voxels": 472.0,
    "Mean": 131.97409434588153,
    "Std_dev": 37.38593135367701,
    "Conf_Int_95": 3.372820868127048,
    "Median": 131.01186365215108,
    "Min": 30.701388681307435,
    "Max": 253.55193749908358,
    "Excluded_Voxels": 136.0
  },
  "Frontal Medial Cortex": {
    "Voxels": 352.0,
    "Mean": 78.02694191127243,
    "Std_dev": 41.50430877943507,
    "Conf_Int_95": 4.335886698173804,
    "Median": 76.52928785048425,
    "Min": 3.2093688398599625,
    "Max": 237.77647375315428,
    "Excluded_Voxels": 59.0
  },
  "Juxtapositional Lobule Cortex (formerly Supplementary Motor Cortex)": {
    "Voxels": 506.0,
    "Mean": 137.2781684375865,
    "Std_dev": 46.19414115996662,
    "Conf_Int_95": 4.025016917331347,
    "Median": 141.21222895383835,
    "Min": 4.884848160669208,
    "Max": 263.8879930274561,
    "Excluded_Voxels": 50.0
  },
  "Subcallosal Cortex": {
    "Voxels": 507.0,