{
  "No ROI": {
    "Voxels": 188464.0,
    "Mean": 18.545706737582837,
    "Std_dev": 34.98264971435159,
    "Conf_Int_95": 0.15794088623338765,
    "Median": 5.384027259424329,
    "Min": -1.4481982216238976,
    "Max": 370.5402014311403,
    "Excluded_Voxels": 170931.0
  },
  "Frontal Pole": {
    "Voxels": 4483.0,
    "Mean": 109.06155323587896,
    "Std_dev": 56.0338140754417,
    "Conf_Int_95": 1.6402947190818036,
    "Median": 114.15072111412883,
    "Min": 0.759136164560914,
    "Max": 304.5070341322571,
    "Excluded_Voxels": 1731.0
  },
  "Insular Cortex": {
    "Voxels": 862.0,
    "Mean": 108.96752689713331,
    "Std_dev": 33.04152205147353,
    "Conf_Int_95": 2.2057814659439874,
    "Median": 107.0498782210052,
    "Min": 33.41367025859654,
    "Max": 239.7001637145877,
    "Excluded_Voxels": 112.0
  },
  "Superior Frontal Gyrus": {
    "Voxels": 1681.0,
    "Mean": 113.61058911539676,
    "Std_dev": 53.170400379679805,
    "Conf_Int_95": 2.541804505955425,
    "Median": 119.49971131980419,
    "Min": 0.3386915195733309,
    "Max": 333.541072672233,
    "Excluded_Voxels": 483.0
  },
  "Middle Frontal Gyrus": {
    "Voxels": 1709.0,
    "Mean": 123.69707108648562,
    "Std_dev": 56.26160381816549,
    "Conf_Int_95": 2.667455286142546,
    "Median": 133.32766853272915,
    "Min": 0.8642473258078098,
    "Max": 308.08081361465156,
    "Excluded_Voxels": 415.0
  },
  "Inferior Frontal Gyrus, pars triangularis": {
    "Voxels": 461.0,
    "Mean": 120.02374708032288,
    "Std_dev": 43.067662211110814,
    "Conf_Int_95": 3.9314875688719773,
    "Median": 119.23109390772879,
    "Min": 9.553436655551195,
    "Max": 286.5330255590379,
    "Excluded_Voxels": 117.0
  },
  "Inferior Frontal Gyrus, pars opercularis": {
    "Voxels": 458.0,
    "Mean": 130.04109599092754,
    "Std_dev": 39.58613425111482,
    "Conf_Int_95": 3.625487612149027,
    "Median": 130.81667968071997,
    "Min": 11.468795593827963,
    "Max": 271.46709244698286,
    "Excluded_Voxels": 135.0
  },
  "Precentral Gyrus": {
    "Voxels": 2689.0,
    "Mean": 138.3256584286583,
    "Std_dev": 52.837551696715714,
    "Conf_Int_95": 1.9971162986339943,
    "Median": 142.61248777620494,
    "Min": 5.138767883181572,
    "Max": 321.17299269884825,
    "Excluded_Voxels": 724.0
  },
  "Temporal Pole": {
    "Voxels": 1617.0,
    "Mean": 53.41027961178794,
    "Std_dev": 36.229770960555086,
    "Conf_Int_95": 1.7659022092950671,
    "Median": 47.6737511344254,
    "Min": 0.0,
    "Max": 192.07312865182757,
    "Excluded_Voxels": 350.0
  },
  "Superior Temporal Gyrus, anterior division": {
    "Voxels": 224.0,
    "Mean": 89.97030514936861,
    "Std_dev": 48.99838536932881,
    "Conf_Int_95": 6.416730969500088,
    "Median": 82.76919997297227,
    "Min": 7.170917000621557,
    "Max": 252.85073788836598,
    "Excluded_Voxels": 22.0
  },
  "Superior Temporal Gyrus, posterior division": {
    "Voxels": 438.0,
    "Mean": 95.60430734088754,
    "Std_dev": 52.84386953730816,
    "Conf_Int_95": 4.948956400841023,
    "Median": 95.5869221361354,
    "Min": 2.46427278034389,
    "Max": 317.89118866436183,
    "Excluded_Voxels": 69.0
  },
  "Middle Temporal Gyrus, anterior division": {
    "Voxels": 306.0,
    "Mean": 93.21100532466826,
    "Std_dev": 43.51964357971576,
    "Conf_Int_95": 4.876190769220647,
    "Median": 91.616056044586,
    "Min": 9.238103171810508,
    "Max": 226.29265114665031,
    "Excluded_Voxels": 43.0
  },
  "Middle Temporal Gyrus, posterior division": {
    "Voxels": 841.0,
    "Mean": 119.68547852868248,
    "Std_dev": 50.72461763286296,
    "Conf_Int_95": 3.428284502083152,
    "Median": 120.08366221562028,
    "Min": 2.137260278686881,
    "Max": 306.9596278946847,
    "Excluded_Voxels": 225.0
  },
  "Middle Temporal Gyrus, temporooccipital part": {
    "Voxels": 610.0,
    "Mean": 137.36881933701758,
    "Std_dev": 48.40550877125256,
    "Conf_Int_95": 3.841368254816367,
    "Median": 137.91168306488544,
    "Min": 8.023485308513045,
    "Max": 308.0457765609026,
    "Excluded_Voxels": 182.0
  },
  "Inferior Temporal Gyrus, anterior division": {
    "Voxels": 211.0,
    "Mean": 63.25677138095571,
    "Std_dev": 33.94519655017197,
    "Conf_Int_95": 4.580292059282362,
    "Median": 58.66370699368417,
    "Min": 6.6336821764707565,
    "Max": 179.7868018038571,
    "Excluded_Voxels": 109.0
  },
  "Inferior Temporal Gyrus, posterior division": {
    "Voxels": 638.0,
    "Mean": 82.45381157221944,
    "Std_dev": 44.43303793034417,
    "Conf_Int_95": 3.44787680182929,
    "Median": 83.73271895106882,
    "Min": 2.522667869925499,
    "Max": 243.09875792823732,
    "Excluded_Voxels": 392.0
  },
  "Inferior Temporal Gyrus, temporooccipital part": {
    "Voxels": 517.0,
    "Mean": 130.24359456366162,
    "Std_dev": 45.17137496171102,
    "Conf_Int_95": 3.8938042066262746,
    "Median": 134.3203850556165,
    "Min": 4.111014306545258,
    "Max": 307.5669368263334,
    "Excluded_Voxels": 138.0
  },
  "Postcentral Gyrus": {
    "Voxels": 2099.0,
    "Mean": 145.3086438684415,
    "Std_dev": 56.12733232817813,
    "Conf_Int_95": 2.4011774338545875,
    "Median": 145.83589672110975,
    "Min": 2.46427278034389,
    "Max": 357.8684669919312,
    "Excluded_Voxels": 459.0
  },
  "Superior Parietal Lobule": {
    "Voxels": 818.0,
    "Mean": 145.98803805963826,
    "Std_dev": 51.67603117982821,
    "Conf_Int_95": 3.541347715937219,
    "Median": 147.47679873835295,
    "Min": 2.569383941590786,
    "Max": 341.79813833907247,
    "Excluded_Voxels": 284.0
  },
  "Supramarginal Gyrus, anterior division": {
    "Voxels": 530.0,
    "Mean": 140.58835972012636,
    "Std_dev": 63.796931835077295,
    "Conf_Int_95": 5.4314768070706165,
    "Median": 146.12203266005963,
    "Min": 4.554816987365484,
    "Max": 382.6863800641149,
    "Excluded_Voxels": 151.0
  },
  "Supramarginal Gyrus, posterior division": {
    "Voxels": 801.0,
    "Mean": 134.28527509913397,
    "Std_dev": 54.10751867163675,
    "Conf_Int_95": 3.7471185321768465,
    "Median": 137.1116703376174,
    "Min": 2.6978531386703253,
    "Max": 347.2288816701621,
    "Excluded_Voxels": 226.0
  },
  "Angular Gyrus": {
    "Voxels": 729.0,
    "Mean": 133.71546319347328,
    "Std_dev": 49.78469174331749,
    "Conf_Int_95": 3.6139998450704547,
    "Median": 135.59339800849557,
    "Min": 12.076104525476694,
    "Max": 335.30460437759757,
    "Excluded_Voxels": 196.0
  },
  "Lateral Occipital Cortex, superior division": {
    "Voxels": 2635.0,
    "Mean": 123.48824441910101,
    "Std_dev": 49.88704362899794,
    "Conf_Int_95": 1.904818188820398,
    "Median": 125.79470197670162,
    "Min": 3.480347339063883,
    "Max": 291.2513487972319,
    "Excluded_Voxels": 954.0
  },
  "Lateral Occipital Cortex, inferior division": {
    "Voxels": 1410.0,
    "Mean": 121.33237287164368,
    "Std_dev": 45.94144716450649,
    "Conf_Int_95": 2.398011085745263,
    "Median": 119.20189636293799,
    "Min": 5.419064313173294,
    "Max": 284.40744429826736,
    "Excluded_Voxels": 448.0
  },
  "Intracalcarine Cortex": {
    "Voxels": 451.0,
    "Mean": 120.47725288814839,
    "Std_dev": 31.94203276099803,
    "Conf_Int_95": 2.9480194952997465,
    "Median": 122.19756445847452,
    "Min": 41.32036538794637,
    "Max": 219.49546271935105,
    "Excluded_Voxels": 126.0
  },
  "Frontal Medial Cortex": {
    "Voxels": 323.0,
    "Mean": 87.7800771862776,
    "Std_dev": 38.754877107341095,
    "Conf_Int_95": 4.226502928789721,
    "Median": 88.97075848653913,
    "Min": 10.84980764426291,
    "Max": 209.82523588463664,
    "Excluded_Voxels": 58.0
  },
  "Juxtapositional Lobule Cortex (formerly Supplementary Motor Cortex)": {
    "Voxels": 492.0,
    "Mean": 131.78511239196425,
    "Std_dev": 40.24854269713006,
    "Conf_Int_95": 3.5565071013825458,
    "Median": 135.44741028454155,
    "Min": 12.05274648964405,
    "Max": 275.43795853853226,
    "Excluded_Voxels": 60.0
  },
  "Subcallosal Cortex": {
    "Voxels": 467.0,
    "Mean": 72.34701444295173,