{
  "No ROI": {
    "Voxels": 187779.0,
    "Mean": 14.617325362594814,
    "Std_dev": 26.281322476038618,
    "Conf_Int_95": 0.11887205633822083,
    "Median": 4.959518775343895,
    "Min": -1.0520191341638565,
    "Max": 259.4448259351775,
    "Excluded_Voxels": 169962.0
  },
  "Frontal Pole": {
    "Voxels": 4563.0,
    "Mean": 80.09558884540861,
    "Std_dev": 40.26132233055564,
    "Conf_Int_95": 1.1682044912701055,
    "Median": 83.1564767388627,
    "Min": 1.690745037049055,
    "Max": 249.91090253181756,
    "Excluded_Voxels": 1778.0
  },
  "Insular Cortex": {
    "Voxels": 901.0,
    "Mean": 72.11902250103925,
    "Std_dev": 19.44773425618616,
    "Conf_Int_95": 1.2698800117024467,
    "Median": 71.00189852807671,
    "Min": 24.56276817712933,
    "Max": 138.38748128246516,
    "Excluded_Voxels": 111.0
  },
  "Superior Frontal Gyrus": {
    "Voxels": 1706.0,
    "Mean": 94.83170219331298,
    "Std_dev": 43.23278638062506,
    "Conf_Int_95": 2.0515390357187804,
    "Median": 95.53179110726342,
    "Min": 1.4183472255244851,
    "Max": 238.84591556712985,
    "Excluded_Voxels": 444.0
  },
  "Middle Frontal Gyrus": {
    "Voxels": 1719.0,
    "Mean": 103.05121600556113,
    "Std_dev": 43.11479198443654,
    "Conf_Int_95": 2.038188881370364,
    "Median": 107.02416084520519,
    "Min": 1.427740253508091,
    "Max": 251.82708024047315,
    "Excluded_Voxels": 442.0
  },
  "Inferior Frontal Gyrus, pars triangularis": {
    "Voxels": 473.0,
    "Mean": 101.91187132085943,
    "Std_dev": 31.691342900581567,
    "Conf_Int_95": 2.8560522181143853,
    "Median": 102.69397494476289,
    "Min": 13.610497548244894,
    "Max": 212.41393482126296,
    "Excluded_Voxels": 135.0
  },
  "Inferior Frontal Gyrus, pars opercularis": {
    "Voxels": 445.0,
    "Mean": 99.51767503926844,
    "Std_dev": 32.16101391827785,
    "Conf_Int_95": 2.9881734166364904,
    "Median": 98.60800777189434,
    "Min": 17.555569301359355,
    "Max": 197.15026434790343,
    "Excluded_Voxels": 135.0
  },
  "Precentral Gyrus": {
    "Voxels": 2757.0,
    "Mean": 120.52984623788691,
    "Std_dev": 42.921094024755575,
    "Conf_Int_95": 1.6021695428335232,
    "Median": 120.79433986917138,
    "Min": 3.9732508370652795,
    "Max": 275.24389900360256,
    "Excluded_Voxels": 695.0
  },
  "Temporal Pole": {
    "Voxels": 1649.0,
    "Mean": 43.5329536953235,
    "Std_dev": 27.292112091518938,
    "Conf_Int_95": 1.3172945342355624,
    "Median": 40.6999902529642,
    "Min": 0.9393027983605862,
    "Max": 152.8621374052018,
    "Excluded_Voxels": 324.0
  },
  "Superior Temporal Gyrus, anterior division": {
    "Voxels": 239.0,
    "Mean": 73.72308624588794,
    "Std_dev": 33.498381661525265,
    "Conf_Int_95": 4.246987152837944,
    "Median": 74.08281170669943,
    "Min": 2.1416103802621365,
    "Max": 191.11054735444486,
    "Excluded_Voxels": 22.0
  },
  "Superior Temporal Gyrus, posterior division": {
    "Voxels": 478.0,
    "Mean": 78.95924738096657,
    "Std_dev": 38.16241273555473,
    "Conf_Int_95": 3.4211959345092904,
    "Median": 76.98525735363364,
    "Min": 2.2073615761473775,
    "Max": 232.40229837037623,
    "Excluded_Voxels": 66.0
  },
  "Middle Temporal Gyrus, anterior division": {
    "Voxels": 301.0,
    "Mean": 70.86783723831734,
    "Std_dev": 29.400458450282848,
    "Conf_Int_95": 3.321443935263489,
    "Median": 70.93614733219147,
    "Min": 4.7904442716389894,
    "Max": 173.45165474526584,
    "Excluded_Voxels": 52.0
  },
  "Middle Temporal Gyrus, posterior division": {
    "Voxels": 850.0,
    "Mean": 80.63232700600234,
    "Std_dev": 33.13147816723634,
    "Conf_Int_95": 2.2273446387094937,
    "Median": 78.75114661455154,
    "Min": 2.3388639679178596,
    "Max": 200.65386378578842,
    "Excluded_Voxels": 255.0
  },
  "Middle Temporal Gyrus, temporooccipital part": {
    "Voxels": 610.0,
    "Mean": 100.4076503399271,
    "Std_dev": 33.32744677547566,
    "Conf_Int_95": 2.6448021993196273,
    "Median": 97.94110278505832,
    "Min": 1.9349637646228075,
    "Max": 220.1913619916886,
    "Excluded_Voxels": 184.0
  },
  "Inferior Temporal Gyrus, anterior division": {
    "Voxels": 222.0,
    "Mean": 60.7621440759667,
    "Std_dev": 27.099634687439664,
    "Conf_Int_95": 3.5648644472543762,
    "Median": 57.27398813003674,
    "Min": 5.654602846130729,
    "Max": 145.159854458645,
    "Excluded_Voxels": 110.0
  },
  "Inferior Temporal Gyrus, posterior division": {
    "Voxels": 645.0,
    "Mean": 62.23465008785616,
    "Std_dev": 32.4700282671488,
    "Conf_Int_95": 2.5058719843777935,
    "Median": 64.44556499551982,
    "Min": 2.385829107835889,
    "Max": 168.83967800531536,
    "Excluded_Voxels": 377.0
  },
  "Inferior Temporal Gyrus, temporooccipital part": {
    "Voxels": 526.0,
    "Mean": 100.02185491557117,
    "Std_dev": 36.35989905764996,
    "Conf_Int_95": 3.1073191971873495,
    "Median": 97.95988884102553,
    "Min": 10.548370425589383,
    "Max": 256.44845000840724,
    "Excluded_Voxels": 140.0
  },
  "Postcentral Gyrus": {
    "Voxels": 2132.0,
    "Mean": 123.22171506231938,
    "Std_dev": 41.97556518943643,
    "Conf_Int_95": 1.781800283438564,
    "Median": 123.7155715720728,
    "Min": 6.462403252720833,
    "Max": 286.76914433948696,
    "Excluded_Voxels": 480.0
  },
  "Superior Parietal Lobule": {
    "Voxels": 842.0,
    "Mean": 123.9504865165844,
    "Std_dev": 39.61701207587285,
    "Conf_Int_95": 2.675973100288899,
    "Median": 124.92727218195796,
    "Min": 3.062127122655511,
    "Max": 251.29167764540762,
    "Excluded_Voxels": 275.0
  },
  "Supramarginal Gyrus, anterior division": {
    "Voxels": 539.0,
    "Mean": 127.48397075060879,
    "Std_dev": 52.53479235998987,
    "Conf_Int_95": 4.4351540468407675,
    "Median": 132.8643808281049,
    "Min": 1.0614121621474624,
    "Max": 286.9851839831099,
    "Excluded_Voxels": 172.0
  },
  "Supramarginal Gyrus, posterior division": {
    "Voxels": 834.0,
    "Mean": 115.98391570347614,
    "Std_dev": 43.63895955290046,
    "Conf_Int_95": 2.961743428767858,
    "Median": 117.35649162717164,
    "Min": 8.66976482886821,
    "Max": 259.0878908718005,
    "Excluded_Voxels": 206.0
  },
  "Angular Gyrus": {
    "Voxels": 746.0,
    "Mean": 110.38386816003836,
    "Std_dev": 38.62498705193106,
    "Conf_Int_95": 2.7717560520201467,
    "Median": 109.34893527114764,
    "Min": 11.71310589555651,
    "Max": 242.03015205357224,
    "Excluded_Voxels": 207.0
  },
  "Lateral Occipital Cortex, superior division": {
    "Voxels": 2676.0,
    "Mean": 107.82705062169474,
    "Std_dev": 41.81420731883665,
    "Conf_Int_95": 1.5842980402408358,
    "Median": 110.51836725510657,
    "Min": 1.9819289045408368,
    "Max": 244.50991144124418,
    "Excluded_Voxels": 979.0
  },
  "Lateral Occipital Cortex, inferior division": {
    "Voxels": 1392.0,
    "Mean": 108.81519265085507,
    "Std_dev": 38.44313185223009,
    "Conf_Int_95": 2.0195528133227003,
    "Median": 107.48441921640188,
    "Min": 2.028894044458866,
    "Max": 262.4881670018658,
    "Excluded_Voxels": 461.0
  },
  "Intracalcarine Cortex": {
    "Voxels": 417.0,
    "Mean": 98.57095374064006,
    "Std_dev": 30.337073066975414,
    "Conf_Int_95": 2.911801205070844,
    "Median": 96.90786970686167,
    "Min": 35.39292944222689,
    "Max": 307.78134793881327,
    "Excluded_Voxels": 141.0
  },
  "Frontal Medial Cortex": {
    "Voxels": 327.0,
    "Mean": 62.92782976747767,
    "Std_dev": 31.527468438377543,
    "Conf_Int_95": 3.4172070574259124,
    "Median": 61.533726320602,
    "Min": 4.771658215671778,
    "Max": 172.46538680698723,
    "Excluded_Voxels": 62.0
  },
  "Juxtapositional Lobule Cortex (formerly Supplementary Motor Cortex)": {
    "Voxels": 495.0,
    "Mean": 117.81656024022725,
    "Std_dev": 31.898629733871953,
    "Conf_Int_95": 2.810124099167401,
    "Median": 118.01400358602405,
    "Min": 27.277353264391422,
    "Max": 270.08712664060295,
    "Excluded_Voxels": 50.0
  },
  "Subcallosal Cortex": {
    "Voxels": 485.0,