{
  "No ROI": {
    "Voxels": 150251.0,
    "Mean": 22.713043512037682,
    "Std_dev": 42.96561522114139,
    "Conf_Int_95": 0.21725431981817156,
    "Median": 5.5923166051507,
    "Min": -1.2795978672802448,
    "Max": 388.22762330714613,
    "Excluded_Voxels": 134632.0
  },
  "Frontal Pole": {
    "Voxels": 4600.0,
    "Mean": 110.85758003117111,
    "Std_dev": 62.25288612708173,
    "Conf_Int_95": 1.7990227121455376,
    "Median": 114.29297061776742,
    "Min": -0.4265326224267483,
    "Max": 335.0176786594093,
    "Excluded_Voxels": 1741.0
  },
  "Insular Cortex": {
    "Voxels": 936.0,
    "Mean": 137.9280374056966,
    "Std_dev": 41.56588440383186,
    "Conf_Int_95": 2.6629019302741415,
    "Median": 138.81859640730545,
    "Min": 34.34772423375398,
    "Max": 275.1016933368519,
    "Excluded_Voxels": 121.0
  },
  "Superior Frontal Gyrus": {
    "Voxels": 765.0,
    "Mean": 147.237992606995,
    "Std_dev": 46.916706266299784,
    "Conf_Int_95": 3.32470310609933,
    "Median": 147.7461611572653,
    "Min": 6.243963667191565,
    "Max": 340.82326157577336,
    "Excluded_Voxels": 319.0
  },
  "Middle Frontal Gyrus": {
    "Voxels": 1644.0,
    "Mean": 121.38617267082174,
    "Std_dev": 61.50348154615052,
    "Conf_Int_95": 2.9730681572078255,
    "Median": 123.45749793574214,
    "Min": 1.2440534820780158,
    "Max": 324.3069705851376,
    "Excluded_Voxels": 407.0
  },
  "Inferior Frontal Gyrus, pars triangularis": {
    "Voxels": 508.0,
    "Mean": 124.89396688889522,
    "Std_dev": 48.984602752050364,
    "Conf_Int_95": 4.259746999093049,
    "Median": 127.3733043721877,
    "Min": 4.762947617098689,
    "Max": 280.1371479071677,
    "Excluded_Voxels": 134.0
  },
  "Inferior Frontal Gyrus, pars opercularis": {
    "Voxels": 470.0,
    "Mean": 132.69634074845172,
    "Std_dev": 44.16186852501974,
    "Conf_Int_95": 3.992588788081527,
    "Median": 132.6516455747187,
    "Min": 16.07791023980826,
    "Max": 275.1372377220541,
    "Excluded_Voxels": 144.0
  },
  "Precentral Gyrus": {
    "Voxels": 2287.0,
    "Mean": 148.10760937343997,
    "Std_dev": 55.09271506829561,
    "Conf_Int_95": 2.257964786775732,
    "Median": 151.2413590354845,
    "Min": 4.182389325462282,
    "Max": 360.479306592606,
    "Excluded_Voxels": 692.0
  },
  "Temporal Pole": {
    "Voxels": 1716.0,
    "Mean": 54.01431933228613,
    "Std_dev": 43.89073394167896,
    "Conf_Int_95": 2.076683311104554,
    "Median": 42.34521090425551,
    "Min": 1.445471664890647,
    "Max": 233.2541038254276,
    "Excluded_Voxels": 364.0
  },
  "Superior Temporal Gyrus, anterior division": {
    "Voxels": 242.0,
    "Mean": 107.56387015585287,
    "Std_dev": 53.55531024891198,
    "Conf_Int_95": 6.7476248335716305,
    "Median": 109.79068182548508,
    "Min": 4.786643873900175,
    "Max": 238.8464204305783,
    "Excluded_Voxels": 20.0
  },
  "Superior Temporal Gyrus, posterior division": {
    "Voxels": 500.0,
    "Mean": 112.52944779408723,
    "Std_dev": 59.13168314327289,
    "Conf_Int_95": 5.183120554787595,
    "Median": 117.21945833275095,
    "Min": 5.4738353211432695,
    "Max": 280.2556291911751,
    "Excluded_Voxels": 64.0
  },
  "Middle Temporal Gyrus, anterior division": {
    "Voxels": 318.0,
    "Mean": 95.55124343412419,
    "Std_dev": 48.69111567157463,
    "Conf_Int_95": 5.351705876777586,
    "Median": 94.24001329950988,
    "Min": 3.198994668200612,
    "Max": 252.77981942985207,
    "Excluded_Voxels": 58.0
  },
  "Middle Temporal Gyrus, posterior division": {
    "Voxels": 884.0,
    "Mean": 121.45222900963675,
    "Std_dev": 55.893522927519776,
    "Conf_Int_95": 3.684609118927264,
    "Median": 123.60559954075143,
    "Min": 4.999910185113549,
    "Max": 325.33775775600225,
    "Excluded_Voxels": 248.0
  },
  "Middle Temporal Gyrus, temporooccipital part": {
    "Voxels": 630.0,
    "Mean": 143.75478999079724,
    "Std_dev": 50.487813874126935,
    "Conf_Int_95": 3.9425059982536212,
    "Median": 145.43577611912042,
    "Min": 12.535319847986102,
    "Max": 300.1249405192211,
    "Excluded_Voxels": 194.0
  },
  "Inferior Temporal Gyrus, anterior division": {
    "Voxels": 209.0,
    "Mean": 60.099546278354545,
    "Std_dev": 34.40545337574648,
    "Conf_Int_95": 4.664554948231246,
    "Median": 51.80001736804843,
    "Min": 8.044879184104502,
    "Max": 167.03491419367492,
    "Excluded_Voxels": 80.0
  },
  "Inferior Temporal Gyrus, posterior division": {
    "Voxels": 672.0,
    "Mean": 78.08087638181141,
    "Std_dev": 48.56351179154433,
    "Conf_Int_95": 3.6718211521258324,
    "Median": 75.16452657431364,
    "Min": 4.37195937987417,
    "Max": 243.79893810208887,
    "Excluded_Voxels": 339.0
  },
  "Inferior Temporal Gyrus, temporooccipital part": {
    "Voxels": 536.0,
    "Mean": 121.89403129062171,
    "Std_dev": 48.22707304536475,
    "Conf_Int_95": 4.082860874885456,
    "Median": 125.55461666267365,
    "Min": 6.054393612779677,
    "Max": 266.63028153032064,
    "Excluded_Voxels": 124.0
  },
  "Postcentral Gyrus": {
    "Voxels": 2029.0,
    "Mean": 142.17205761888735,
    "Std_dev": 59.91126277500479,
    "Conf_Int_95": 2.6068948934023872,
    "Median": 144.84336969908327,
    "Min": 1.3032941240817308,
    "Max": 373.9743248410523,
    "Excluded_Voxels": 438.0
  },
  "Superior Parietal Lobule": {
    "Voxels": 902.0,
    "Mean": 145.76835124437366,
    "Std_dev": 63.19465891996178,
    "Conf_Int_95": 4.124137883617349,
    "Median": 153.91311198985204,
    "Min": 3.175298411399126,
    "Max": 318.37105825636536,
    "Excluded_Voxels": 280.0
  },
  "Supramarginal Gyrus, anterior division": {
    "Voxels": 582.0,
    "Mean": 146.62093503854663,
    "Std_dev": 64.7400998293479,
    "Conf_Int_95": 5.259784413472134,
    "Median": 150.3645975338295,
    "Min": 4.206085582263768,
    "Max": 300.8595244800672,
    "Excluded_Voxels": 163.0
  },
  "Supramarginal Gyrus, posterior division": {
    "Voxels": 871.0,
    "Mean": 137.2916637585711,
    "Std_dev": 58.759584175376105,
    "Conf_Int_95": 3.902345409536108,
    "Median": 141.36001994926482,
    "Min": 4.217933710664511,
    "Max": 306.98500686325133,
    "Excluded_Voxels": 206.0
  },
  "Angular Gyrus": {
    "Voxels": 765.0,
    "Mean": 141.61003869014482,
    "Std_dev": 55.70795278226452,
    "Conf_Int_95": 3.9476855557242634,
    "Median": 145.38838360551745,
    "Min": 5.556772219948471,
    "Max": 326.62920375168324,
    "Excluded_Voxels": 215.0
  },
  "Lateral Occipital Cortex, superior division": {
    "Voxels": 2817.0,
    "Mean": 133.57422236308625,
    "Std_dev": 56.35591321587033,
    "Conf_Int_95": 2.0811440396423744,
    "Median": 136.12314719613642,
    "Min": 3.116057769395411,
    "Max": 332.99164870288223,
    "Excluded_Voxels": 988.0
  },
  "Lateral Occipital Cortex, inferior division": {
    "Voxels": 1288.0,
    "Mean": 135.82148906364762,
    "Std_dev": 50.384968281421926,
    "Conf_Int_95": 2.7516876163245922,
    "Median": 136.68000923097134,
    "Min": 6.433533721603453,
    "Max": 281.20347946323454,
    "Excluded_Voxels": 434.0
  },
  "Intracalcarine Cortex": {
    "Voxels": 446.0,
    "Mean": 139.93925402296765,
    "Std_dev": 34.74890269952628,
    "Conf_Int_95": 3.225000133853132,
    "Median": 141.89318572729826,
    "Min": 35.354815147817135,
    "Max": 268.4904376892373,
    "Excluded_Voxels": 136.0
  },
  "Frontal Medial Cortex": {
    "Voxels": 352.0,
    "Mean": 96.84959723922921,
    "Std_dev": 46.92599708681466,
    "Conf_Int_95": 4.902281535358985,
    "Median": 102.35005718981847,
    "Min": 5.627860990352929,
    "Max": 197.28318600077182,
    "Excluded_Voxels": 62.0
  },
  "Juxtapositional Lobule Cortex (formerly Supplementary Motor Cortex)": {
    "Voxels": 368.0,
    "Mean": 149.89926873009054,
    "Std_dev": 39.78295929554924,
    "Conf_Int_95": 4.064707019014274,
    "Median": 149.38120287656784,
    "Min": 62.16712971869856,
    "Max": 304.4732036422938,
    "Excluded_Voxels": 47.0
  },
  "Subcallosal Cortex": {
    "Voxels": 491.0,