{
  "No ROI": {
    "Voxels": 189015.0,
    "Mean": 19.382202481080075,
    "Std_dev": 37.258765743555294,
    "Conf_Int_95": 0.16797180926937805,
    "Min": -1.168115864507854,
    "Max": 333.44398314133286,
    "Excluded_Voxels": 171441.0
  },
  "Frontal Pole": {
    "Voxels": 4348.0,
    "Mean": 116.11553699889078,
    "Std_dev": 57.46768334644416,
    "Conf_Int_95": 1.7081853533417477,
    "Min": 1.4866929184645414,
    "Max": 386.6227528518066,
    "Excluded_Voxels": 1810.0
  },
  "Insular Cortex": {
    "Voxels": 866.0,
    "Mean": 120.05603936873699,
    "Std_dev": 34.318623602067916,
    "Conf_Int_95": 2.2857408338854452,
    "Min": 27.48022069130093,
    "Max": 211.18118932284415,
    "Excluded_Voxels": 101.0
  },
  "Superior Frontal Gyrus": {
    "Voxels": 1683.0,
    "Mean": 121.50023079921385,
    "Std_dev": 61.97084517043061,
    "Conf_Int_95": 2.960747917968541,
    "Min": -0.10619235131889582,
    "Max": 338.98958371020854,
    "Excluded_Voxels": 450.0
  },
  "Middle Frontal Gyrus": {
    "Voxels": 1686.0,
    "Mean": 121.1992676923795,
    "Std_dev": 57.76230021499758,
    "Conf_Int_95": 2.7572221938692265,
    "Min": 3.8229246474802494,
    "Max": 337.19611288793385,
    "Excluded_Voxels": 421.0
  },
  "Inferior Frontal Gyrus, pars triangularis": {
    "Voxels": 454.0,
    "Mean": 121.60562793609772,
    "Std_dev": 44.25400686244827,
    "Conf_Int_95": 4.070809166655668,
    "Min": 11.15019688848406,
    "Max": 252.50181313604116,
    "Excluded_Voxels": 124.0
  },
  "Inferior Frontal Gyrus, pars opercularis": {
    "Voxels": 464.0,
    "Mean": 129.92123056888573,
    "Std_dev": 40.73331887478532,
    "Conf_Int_95": 3.7063538375282055,
    "Min": 33.79276601970196,
    "Max": 282.10588085372,
    "Excluded_Voxels": 139.0
  },
  "Precentral Gyrus": {
    "Voxels": 2670.0,
    "Mean": 143.64663668272507,
    "Std_dev": 57.25571601190109,
    "Conf_Int_95": 2.1717973095706635,
    "Min": -0.36577365454286337,
    "Max": 358.0334120467305,
    "Excluded_Voxels": 687.0
  },
  "Temporal Pole": {
    "Voxels": 1587.0,
    "Mean": 59.372825400635634,
    "Std_dev": 41.31909618112866,
    "Conf_Int_95": 2.0329112588512808,
    "Min": 2.5604155818000436,
    "Max": 231.263342872262,
    "Excluded_Voxels": 369.0
  },
  "Superior Temporal Gyrus, anterior division": {
    "Voxels": 224.0,
    "Mean": 95.25838439180266,
    "Std_dev": 49.60642390735731,
    "Conf_Int_95": 6.496358485554103,
    "Min": 6.902502835728228,
    "Max": 212.2667111363262,
    "Excluded_Voxels": 21.0
  },
  "Superior Temporal Gyrus, posterior division": {
    "Voxels": 435.0,
    "Mean": 104.5131016949363,
    "Std_dev": 55.004386255545555,
    "Conf_Int_95": 5.169026587531187,
    "Min": 3.1621722392737865,
    "Max": 262.7316763130948,
    "Excluded_Voxels": 80.0
  },
  "Middle Temporal Gyrus, anterior division": {
    "Voxels": 305.0,
    "Mean": 98.86167473293169,
    "Std_dev": 46.10862073045056,
    "Conf_Int_95": 5.174737007842113,
    "Min": 10.560239381156862,
    "Max": 237.65848225168884,
    "Excluded_Voxels": 46.0
  },
  "Middle Temporal Gyrus, posterior division": {
    "Voxels": 836.0,
    "Mean": 121.04258385925492,
    "Std_dev": 52.386399860245895,
    "Conf_Int_95": 3.5511701883339724,
    "Min": 3.6341382451355457,
    "Max": 362.5052899522707,
    "Excluded_Voxels": 266.0
  },
  "Middle Temporal Gyrus, temporooccipital part": {
    "Voxels": 593.0,
    "Mean": 140.89886501512348,
    "Std_dev": 48.95817082214438,
    "Conf_Int_95": 3.9405233742457515,
    "Min": 11.5631671436131,
    "Max": 268.8200377887115,
    "Excluded_Voxels": 175.0
  },
  "Inferior Temporal Gyrus, anterior division": {
    "Voxels": 203.0,
    "Mean": 64.65260043154869,
    "Std_dev": 37.25773744276778,
    "Conf_Int_95": 5.125361830273786,
    "Min": 3.2093688398599625,
    "Max": 162.48609666805714,
    "Excluded_Voxels": 113.0
  },
  "Inferior Temporal Gyrus, posterior division": {
    "Voxels": 601.0,
    "Mean": 89.29109944176307,
    "Std_dev": 45.81953893642773,
    "Conf_Int_95": 3.663275235913684,
    "Min": 3.3391594914719462,
    "Max": 230.04803040716797,
    "Excluded_Voxels": 416.0
  },
  "Inferior Temporal Gyrus, temporooccipital part": {
    "Voxels": 498.0,
    "Mean": 136.912410141399,
    "Std_dev": 44.13612925851449,
    "Conf_Int_95": 3.8764629976676828,
    "Min": 2.1120478762313724,
    "Max": 275.54555337224156,
    "Excluded_Voxels": 128.0
  },
  "Postcentral Gyrus": {
    "Voxels": 2064.0,
    "Mean": 147.279890466916,
    "Std_dev": 59.02100430493287,
    "Conf_Int_95": 2.546289739893808,
    "Min": 7.929028898477554,
    "Max": 346.9186126086861,
    "Excluded_Voxels": 484.0
  },
  "Superior Parietal Lobule": {
    "Voxels": 814.0,
    "Mean": 154.11444019110922,
    "Std_dev": 57.953303648635014,
    "Conf_Int_95": 3.9812739937451695,
    "Min": 2.442424080334604,
    "Max": 329.0193018363789,
    "Excluded_Voxels": 272.0
  },
  "Supramarginal Gyrus, anterior division": {
    "Voxels": 536.0,
    "Mean": 143.95513512279297,
    "Std_dev": 64.29364533950546,
    "Conf_Int_95": 5.4430425170838435,
    "Min": 4.011711049824953,
    "Max": 359.11893386021256,
    "Excluded_Voxels": 162.0
  },
  "Supramarginal Gyrus, posterior division": {
    "Voxels": 812.0,
    "Mean": 135.39655571916998,
    "Std_dev": 55.16059839564398,
    "Conf_Int_95": 3.794084731881302,
    "Min": 2.6902062334120274,
    "Max": 353.26655538752675,
    "Excluded_Voxels": 199.0
  },
  "Angular Gyrus": {
    "Voxels": 725.0,
    "Mean": 129.8533742666938,
    "Std_dev": 50.57506478107957,
    "Conf_Int_95": 3.6814890730767593,
    "Min": 10.430448729544878,
    "Max": 329.6210584938526,
    "Excluded_Voxels": 208.0
  },
  "Lateral Occipital Cortex, superior division": {
    "Voxels": 2611.0,
    "Mean": 120.09719560551413,
    "Std_dev": 50.220341988636214,
    "Conf_Int_95": 1.9263371546838153,
    "Min": 1.8170691225677729,
    "Max": 363.81499561853707,
    "Excluded_Voxels": 949.0
  },
  "Lateral Occipital Cortex, inferior division": {
    "Voxels": 1376.0,
    "Mean": 127.16687562289245,
    "Std_dev": 49.269989701901366,
    "Conf_Int_95": 2.6033306163778294,
    "Min": 3.1149756386876106,
    "Max": 285.97600210178643,
    "Excluded_Voxels": 459.0
  },
  "Intracalcarine Cortex": {
    "Voxels": 426.0,
    "Mean": 131.23106194853546,
    "Std_dev": 37.44885860283864,
    "Conf_Int_95": 3.5562301306436988,
    "Min": 30.701388681307435,
    "Max": 247.42817857302725,
    "Excluded_Voxels": 126.0
  },
  "Frontal Medial Cortex": {
    "Voxels": 326.0,
    "Mean": 82.71841262060394,
    "Std_dev": 40.16743715338833,
    "Conf_Int_95": 4.360350433904168,
    "Min": 3.2093688398599625,
    "Max": 237.77647375315428,
    "Excluded_Voxels": 67.0
  },
  "Juxtapositional Lobule Cortex (formerly Supplementary Motor Cortex)": {
    "Voxels": 490.0,
    "Mean": 138.4850119168034,
    "Std_dev": 43.132957833631345,
    "Conf_Int_95": 3.8191548912797586,
    "Min": 16.507011055015028,
    "Max": 263.8879930274561,
    "Excluded_Voxels": 56.0
  },
  "Subcallosal Cortex": {
    "Voxels": 462.0,
    "Mean": 85.4728138079903,
    "Std_dev": 32.86329898842272,
    "Conf_Int_95": 2.9967205194124755,
    "Min": 10.418649579398334,
    "Max": 180.3146125394851,
    "Excluded_Voxels": 59.0
  },
  "Paracingulate Gyrus": {
    "Voxels": 900.0,
    "Mean": 137.34316962928511,
    "Std_dev": 43.814247890117294,
    "Conf_Int_95": 2.8625308621543297,
    "Min": 25.179386412724853,
    "Max": 309.05513978842646,
    "Excluded_Voxels": 81.0
  },
  "Cingulate Gyrus, anterior division": {
    "Voxels": 710.0,
    "Mean": 122.88185035667028,
    "Std_dev": 49.31555597198786,
    "Conf_Int_95": 3.6275284784644612,
    "Min": 16.117639100179076,
    "Max": 281.1855471422896,
    "Excluded_Voxels": 276.0
  },
  "Cingulate Gyrus, posterior division": {
    "Voxels": 756.0,
    "Mean": 110.43402093784667,
    "Std_dev": 43.62302148900949,
    "Conf_Int_95": 3.109645746916663,
    "Min": 6.406938529573381,