{
  "No ROI": {
    "Voxels": 189395.0,
    "Mean": 18.61479560905674,
    "Std_dev": 34.90806620256836,
    "Conf_Int_95": 0.15721631316033766,
    "Min": -1.4481982216238976,
    "Max": 304.2968118097633,
    "Excluded_Voxels": 171913.0
  },
  "Frontal Pole": {
    "Voxels": 4304.0,
    "Mean": 115.63632529810786,
    "Std_dev": 53.30601405035089,
    "Conf_Int_95": 1.5925612688406876,
    "Min": 0.759136164560914,
    "Max": 304.5070341322571,
    "Excluded_Voxels": 1821.0
  },
  "Insular Cortex": {
    "Voxels": 865.0,
    "Mean": 109.58527824572272,
    "Std_dev": 33.81289140674381,
    "Conf_Int_95": 2.253358685120003,
    "Min": 30.505594797432423,
    "Max": 243.86957311071455,
    "Excluded_Voxels": 110.0
  },
  "Superior Frontal Gyrus": {
    "Voxels": 1657.0,
    "Mean": 113.34925996309386,
    "Std_dev": 53.46176182097738,
    "Conf_Int_95": 2.57417509302847,
    "Min": 0.3386915195733309,
    "Max": 333.541072672233,
    "Excluded_Voxels": 454.0
  },
  "Middle Frontal Gyrus": {
    "Voxels": 1658.0,
    "Mean": 127.12632838439475,
    "Std_dev": 54.13366748069803,
    "Conf_Int_95": 2.6057410765486324,
    "Min": 0.8642473258078098,
    "Max": 308.08081361465156,
    "Excluded_Voxels": 446.0
  },
  "Inferior Frontal Gyrus, pars triangularis": {
    "Voxels": 441.0,
    "Mean": 125.15595768390396,
    "Std_dev": 40.13312284972973,
    "Conf_Int_95": 3.7457581326414413,
    "Min": 24.152209050953388,
    "Max": 286.5330255590379,
    "Excluded_Voxels": 137.0
  },
  "Inferior Frontal Gyrus, pars opercularis": {
    "Voxels": 441.0,
    "Mean": 132.50640317081746,
    "Std_dev": 38.327927052094594,
    "Conf_Int_95": 3.5772731915288283,
    "Min": 39.21814216300845,
    "Max": 271.46709244698286,
    "Excluded_Voxels": 136.0
  },
  "Precentral Gyrus": {
    "Voxels": 2649.0,
    "Mean": 138.09960767763525,
    "Std_dev": 52.39596894018471,
    "Conf_Int_95": 1.9953218952961713,
    "Min": 5.138767883181572,
    "Max": 321.17299269884825,
    "Excluded_Voxels": 682.0
  },
  "Temporal Pole": {
    "Voxels": 1580.0,
    "Mean": 55.559453598659815,
    "Std_dev": 36.50789282989822,
    "Conf_Int_95": 1.8001732123549345,
    "Min": 1.6000254545360804,
    "Max": 192.07312865182757,
    "Excluded_Voxels": 353.0
  },
  "Superior Temporal Gyrus, anterior division": {
    "Voxels": 236.0,
    "Mean": 93.0483193349851,
    "Std_dev": 51.82993036309002,
    "Conf_Int_95": 6.612728546378975,
    "Min": 7.170917000621557,
    "Max": 322.072277078405,
    "Excluded_Voxels": 26.0
  },
  "Superior Temporal Gyrus, posterior division": {
    "Voxels": 444.0,
    "Mean": 101.57791637398118,
    "Std_dev": 50.49200346838833,
    "Conf_Int_95": 4.6966391037312025,
    "Min": 2.46427278034389,
    "Max": 317.89118866436183,
    "Excluded_Voxels": 84.0
  },
  "Middle Temporal Gyrus, anterior division": {
    "Voxels": 286.0,
    "Mean": 98.84626652078273,
    "Std_dev": 41.1653825723699,
    "Conf_Int_95": 4.7709537961323525,
    "Min": 13.629413908347487,
    "Max": 226.29265114665031,
    "Excluded_Voxels": 49.0
  },
  "Middle Temporal Gyrus, posterior division": {
    "Voxels": 823.0,
    "Mean": 121.38329708540216,
    "Std_dev": 50.03741004006258,
    "Conf_Int_95": 3.4186211572016747,
    "Min": 2.709532156586647,
    "Max": 306.9596278946847,
    "Excluded_Voxels": 258.0
  },
  "Middle Temporal Gyrus, temporooccipital part": {
    "Voxels": 596.0,
    "Mean": 138.61473642864684,
    "Std_dev": 46.73485991109589,
    "Conf_Int_95": 3.7520955259352293,
    "Min": 14.119932660833001,
    "Max": 308.0457765609026,
    "Excluded_Voxels": 180.0
  },
  "Inferior Temporal Gyrus, anterior division": {
    "Voxels": 209.0,
    "Mean": 61.434037099997894,
    "Std_dev": 34.315186457284554,
    "Conf_Int_95": 4.652316917341934,
    "Min": 6.6336821764707565,
    "Max": 173.86553972028196,
    "Excluded_Voxels": 116.0
  },
  "Inferior Temporal Gyrus, posterior division": {
    "Voxels": 599.0,
    "Mean": 86.43578767787373,
    "Std_dev": 43.6408406154522,
    "Conf_Int_95": 3.4949081588179705,
    "Min": 2.522667869925499,
    "Max": 243.09875792823732,
    "Excluded_Voxels": 396.0
  },
  "Inferior Temporal Gyrus, temporooccipital part": {
    "Voxels": 486.0,
    "Mean": 133.90400163290846,
    "Std_dev": 42.412579540777855,
    "Conf_Int_95": 3.7707924066336598,
    "Min": 4.111014306545258,
    "Max": 307.5669368263334,
    "Excluded_Voxels": 135.0
  },
  "Postcentral Gyrus": {
    "Voxels": 2056.0,
    "Mean": 146.11680664036945,
    "Std_dev": 56.11465787381413,
    "Conf_Int_95": 2.425609224726691,
    "Min": 9.9855603184551,
    "Max": 357.8684669919312,
    "Excluded_Voxels": 488.0
  },
  "Superior Parietal Lobule": {
    "Voxels": 810.0,
    "Mean": 146.6439261569722,
    "Std_dev": 52.278594752503665,
    "Conf_Int_95": 3.600289858778254,
    "Min": 1.051111612468958,
    "Max": 341.79813833907247,
    "Excluded_Voxels": 269.0
  },
  "Supramarginal Gyrus, anterior division": {
    "Voxels": 526.0,
    "Mean": 142.64670330207767,
    "Std_dev": 62.20084859840739,
    "Conf_Int_95": 5.3156883253368195,
    "Min": 4.554816987365484,
    "Max": 382.6863800641149,
    "Excluded_Voxels": 166.0
  },
  "Supramarginal Gyrus, posterior division": {
    "Voxels": 804.0,
    "Mean": 135.66836742574202,
    "Std_dev": 53.644122586127665,
    "Conf_Int_95": 3.708089374905223,
    "Min": 2.6978531386703253,
    "Max": 347.2288816701621,
    "Excluded_Voxels": 206.0
  },
  "Angular Gyrus": {
    "Voxels": 724.0,
    "Mean": 135.50186935151046,
    "Std_dev": 48.03829130516219,
    "Conf_Int_95": 3.4992449108386343,
    "Min": 11.71405497007072,
    "Max": 335.30460437759757,
    "Excluded_Voxels": 195.0
  },
  "Lateral Occipital Cortex, superior division": {
    "Voxels": 2586.0,
    "Mean": 126.00541205400398,
    "Std_dev": 48.65189448350566,
    "Conf_Int_95": 1.8751739763969726,
    "Min": 3.947508055716753,
    "Max": 291.2513487972319,
    "Excluded_Voxels": 951.0
  },
  "Lateral Occipital Cortex, inferior division": {
    "Voxels": 1365.0,
    "Mean": 123.12957575636824,
    "Std_dev": 45.22168315167901,
    "Conf_Int_95": 2.3990343614393215,
    "Min": 6.330027710646391,
    "Max": 370.5402014311403,
    "Excluded_Voxels": 465.0
  },
  "Intracalcarine Cortex": {
    "Voxels": 425.0,
    "Mean": 120.29514862005325,
    "Std_dev": 31.890959407791748,
    "Conf_Int_95": 3.0319999590070212,
    "Min": 41.32036538794637,
    "Max": 219.49546271935105,
    "Excluded_Voxels": 124.0
  },
  "Frontal Medial Cortex": {
    "Voxels": 311.0,
    "Mean": 87.24380351252663,
    "Std_dev": 38.73436207676128,
    "Conf_Int_95": 4.304991365517995,
    "Min": 10.102350497618318,
    "Max": 209.82523588463664,
    "Excluded_Voxels": 63.0
  },
  "Juxtapositional Lobule Cortex (formerly Supplementary Motor Cortex)": {
    "Voxels": 480.0,
    "Mean": 131.98922874823134,
    "Std_dev": 40.13832585729951,
    "Conf_Int_95": 3.5908288604475187,
    "Min": 16.85282285325229,
    "Max": 275.43795853853226,
    "Excluded_Voxels": 57.0
  },
  "Subcallosal Cortex": {
    "Voxels": 458.0,
    "Mean": 72.46889267167622,
    "Std_dev": 26.814443236910275,
    "Conf_Int_95": 2.4557950307904517,
    "Min": 10.406004963442683,
    "Max": 146.8870083335787,
    "Excluded_Voxels": 45.0
  },
  "Paracingulate Gyrus": {
    "Voxels": 896.0,
    "Mean": 132.3203532374464,
    "Std_dev": 36.42691764927472,
    "Conf_Int_95": 2.385198296246759,
    "Min": 28.274902375414968,
    "Max": 260.87422319687903,
    "Excluded_Voxels": 74.0
  },
  "Cingulate Gyrus, anterior division": {
    "Voxels": 728.0,
    "Mean": 114.0057601170246,
    "Std_dev": 42.541610909279825,
    "Conf_Int_95": 3.0903261215842797,
    "Min": 17.29662553407252,
    "Max": 235.40228512138128,
    "Excluded_Voxels": 279.0
  },
  "Cingulate Gyrus, posterior division": {
    "Voxels": 741.0,
    "Mean": 110.78580849465892,
    "Std_dev": 40.585865840934716,
    "Conf_Int_95": 2.922279710922874,
    "Min": 9.214745135977864,