{
  "No ROI": {
    "Voxels": 150374.0,
    "Mean": 24.711935882781034,
    "Std_dev": 46.37523460607967,
    "Conf_Int_95": 0.23439903256781322,
    "Min": -1.1806713389232755,
    "Max": 413.6760985739529,
    "Excluded_Voxels": 134412.0
  },
  "Frontal Pole": {
    "Voxels": 4593.0,
    "Mean": 126.00219058853527,
    "Std_dev": 69.32262281983907,
    "Conf_Int_95": 2.0048543838646564,
    "Min": 0.4411299508064985,
    "Max": 422.90090430993587,
    "Excluded_Voxels": 1825.0
  },
  "Insular Cortex": {
    "Voxels": 946.0,
    "Mean": 146.72325862262372,
    "Std_dev": 42.21387455242276,
    "Conf_Int_95": 2.690083237880387,
    "Min": 31.411047379486263,
    "Max": 329.2126874048263,
    "Excluded_Voxels": 112.0
  },
  "Superior Frontal Gyrus": {
    "Voxels": 675.0,
    "Mean": 165.93179023913487,
    "Std_dev": 56.089868062083134,
    "Conf_Int_95": 4.231444055462028,
    "Min": 36.95112058520317,
    "Max": 347.33793861884624,
    "Excluded_Voxels": 314.0
  },
  "Middle Frontal Gyrus": {
    "Voxels": 1589.0,
    "Mean": 125.33544917625966,
    "Std_dev": 64.085090909145,
    "Conf_Int_95": 3.151019766130792,
    "Min": 4.0869392501190305,
    "Max": 387.688354707323,
    "Excluded_Voxels": 436.0
  },
  "Inferior Frontal Gyrus, pars triangularis": {
    "Voxels": 478.0,
    "Mean": 126.28908285422438,
    "Std_dev": 48.43919825440538,
    "Conf_Int_95": 4.342492422772448,
    "Min": 4.995147972367704,
    "Max": 297.60702387057245,
    "Excluded_Voxels": 141.0
  },
  "Inferior Frontal Gyrus, pars opercularis": {
    "Voxels": 484.0,
    "Mean": 131.54030842168163,
    "Std_dev": 49.212626000327404,
    "Conf_Int_95": 4.384397589120078,
    "Min": 24.858970168977976,
    "Max": 300.3446244476363,
    "Excluded_Voxels": 144.0
  },
  "Precentral Gyrus": {
    "Voxels": 2283.0,
    "Mean": 144.86074606026716,
    "Std_dev": 56.83400743619497,
    "Conf_Int_95": 2.3313710290529936,
    "Min": 3.8015022231265903,
    "Max": 374.2338912077248,
    "Excluded_Voxels": 682.0
  },
  "Temporal Pole": {
    "Voxels": 1715.0,
    "Mean": 64.04237776694781,
    "Std_dev": 50.408026933863354,
    "Conf_Int_95": 2.3857432723949596,
    "Min": -1.0898504666984081,
    "Max": 257.32147983368486,
    "Excluded_Voxels": 393.0
  },
  "Superior Temporal Gyrus, anterior division": {
    "Voxels": 241.0,
    "Mean": 115.28070431045755,
    "Std_dev": 59.57760840602353,
    "Conf_Int_95": 7.5219530030113635,
    "Min": 5.630894077941775,
    "Max": 244.29517187457532,
    "Excluded_Voxels": 23.0
  },
  "Superior Temporal Gyrus, posterior division": {
    "Voxels": 521.0,
    "Mean": 127.82291923828545,
    "Std_dev": 64.44251468528938,
    "Conf_Int_95": 5.533624543113143,
    "Min": 2.0629312405362725,
    "Max": 331.6648509548977,
    "Excluded_Voxels": 69.0
  },
  "Middle Temporal Gyrus, anterior division": {
    "Voxels": 335.0,
    "Mean": 108.07191929054628,
    "Std_dev": 56.95725445173384,
    "Conf_Int_95": 6.099338190501032,
    "Min": 2.7505749873816967,
    "Max": 296.9064057134092,
    "Excluded_Voxels": 55.0
  },
  "Middle Temporal Gyrus, posterior division": {
    "Voxels": 878.0,
    "Mean": 126.705800692938,
    "Std_dev": 58.87511114845547,
    "Conf_Int_95": 3.894399972039966,
    "Min": 4.346427456475794,
    "Max": 288.0708322869614,
    "Excluded_Voxels": 268.0
  },
  "Middle Temporal Gyrus, temporooccipital part": {
    "Voxels": 650.0,
    "Mean": 151.5067602659547,
    "Std_dev": 54.49251651104917,
    "Conf_Int_95": 4.189249798983452,
    "Min": 11.326660207472742,
    "Max": 331.13290013186634,
    "Excluded_Voxels": 202.0
  },
  "Inferior Temporal Gyrus, anterior division": {
    "Voxels": 204.0,
    "Mean": 76.58470050361939,
    "Std_dev": 39.92322909090948,
    "Conf_Int_95": 5.478562853436645,
    "Min": 11.326660207472742,
    "Max": 194.33071774058044,
    "Excluded_Voxels": 90.0
  },
  "Inferior Temporal Gyrus, posterior division": {
    "Voxels": 655.0,
    "Mean": 82.03297728030509,
    "Std_dev": 52.57550593150812,
    "Conf_Int_95": 4.026418213585105,
    "Min": 4.826480638235807,
    "Max": 224.76868434622884,
    "Excluded_Voxels": 370.0
  },
  "Inferior Temporal Gyrus, temporooccipital part": {
    "Voxels": 531.0,
    "Mean": 124.69737520567344,
    "Std_dev": 56.01173132763995,
    "Conf_Int_95": 4.764176118414681,
    "Min": 3.0879096556454897,
    "Max": 312.96872568689287,
    "Excluded_Voxels": 145.0
  },
  "Postcentral Gyrus": {
    "Voxels": 2046.0,
    "Mean": 140.63441481597664,
    "Std_dev": 63.63813172085612,
    "Conf_Int_95": 2.7575327424324483,
    "Min": 2.5300100119784474,
    "Max": 425.13250288460404,
    "Excluded_Voxels": 447.0
  },
  "Superior Parietal Lobule": {
    "Voxels": 885.0,
    "Mean": 137.8570239406521,
    "Std_dev": 68.74090268586689,
    "Conf_Int_95": 4.5289723251146,
    "Min": 1.9202127270400524,
    "Max": 360.2345024747774,
    "Excluded_Voxels": 308.0
  },
  "Supramarginal Gyrus, anterior division": {
    "Voxels": 564.0,
    "Mean": 136.64087642471023,
    "Std_dev": 64.84344882387312,
    "Conf_Int_95": 5.351587429569119,
    "Min": 2.7505749873816967,
    "Max": 326.5010356483981,
    "Excluded_Voxels": 186.0
  },
  "Supramarginal Gyrus, posterior division": {
    "Voxels": 870.0,
    "Mean": 134.24567177340538,
    "Std_dev": 59.937421560774766,
    "Conf_Int_95": 3.982855050026651,
    "Min": 1.6996477516368032,
    "Max": 317.6265389909968,
    "Excluded_Voxels": 223.0
  },
  "Angular Gyrus": {
    "Voxels": 787.0,
    "Mean": 141.67512032085037,
    "Std_dev": 56.607120999071576,
    "Conf_Int_95": 3.9549388475268876,
    "Min": 2.4651379603892565,
    "Max": 293.15680113155395,
    "Excluded_Voxels": 221.0
  },
  "Lateral Occipital Cortex, superior division": {
    "Voxels": 2802.0,
    "Mean": 142.89907172460477,
    "Std_dev": 65.41608595306501,
    "Conf_Int_95": 2.422180822291782,
    "Min": 3.256576989777386,
    "Max": 373.67599156405777,
    "Excluded_Voxels": 1053.0
  },
  "Lateral Occipital Cortex, inferior division": {
    "Voxels": 1270.0,
    "Mean": 156.79307208044204,
    "Std_dev": 61.6750225630488,
    "Conf_Int_95": 3.392060018035047,
    "Min": 9.289677787572145,
    "Max": 369.5501290829852,
    "Excluded_Voxels": 440.0
  },
  "Intracalcarine Cortex": {
    "Voxels": 448.0,
    "Mean": 162.22151386660283,
    "Std_dev": 50.94884631220137,
    "Conf_Int_95": 4.717929192470728,
    "Min": 47.88854848314077,
    "Max": 394.824280382134,
    "Excluded_Voxels": 132.0
  },
  "Frontal Medial Cortex": {
    "Voxels": 346.0,
    "Mean": 108.74884490512387,
    "Std_dev": 50.80763932907976,
    "Conf_Int_95": 5.353613799860354,
    "Min": 6.188793721608818,
    "Max": 249.12165251281112,
    "Excluded_Voxels": 63.0
  },
  "Juxtapositional Lobule Cortex (formerly Supplementary Motor Cortex)": {
    "Voxels": 379.0,
    "Mean": 158.23638750217108,
    "Std_dev": 43.02855433611388,
    "Conf_Int_95": 4.3320476141303015,
    "Min": 58.92977166362107,
    "Max": 279.57259352877736,
    "Excluded_Voxels": 52.0
  },
  "Subcallosal Cortex": {
    "Voxels": 494.0,
    "Mean": 109.30617645720156,
    "Std_dev": 45.725056081370205,
    "Conf_Int_95": 4.032244365345855,
    "Min": 13.194975293241441,
    "Max": 270.60727599915117,
    "Excluded_Voxels": 67.0
  },
  "Paracingulate Gyrus": {
    "Voxels": 988.0,
    "Mean": 167.5764068416697,
    "Std_dev": 54.89373693863856,
    "Conf_Int_95": 3.4229487428919203,
    "Min": 37.75553402490914,
    "Max": 348.09045441728085,
    "Excluded_Voxels": 83.0
  },
  "Cingulate Gyrus, anterior division": {
    "Voxels": 791.0,
    "Mean": 143.25841955187366,
    "Std_dev": 56.096054829558426,
    "Conf_Int_95": 3.909310342785308,
    "Min": 19.902745427563787,
    "Max": 365.2037016265094,
    "Excluded_Voxels": 282.0
  },
  "Cingulate Gyrus, posterior division": {
    "Voxels": 810.0,
    "Mean": 116.79557761001735,
    "Std_dev": 46.53699878889499,
    "Conf_Int_95": 3.204881186857276,
    "Min": 5.682791719213128,