{
  "No ROI": {
    "Voxels": 4256.0,
    "Mean": 99.24819434681295,
    "Std_dev": 46.57358988841942,
    "Conf_Int_95": 1.3992489069398293,
    "Min": 1.3032941240817308,
    "Max": 282.7081917701289,
    "Freesurfer excluded voxels": 135134.0
  },
  "Frontal Pole": {
    "Voxels": 4497.0,
    "Mean": 117.20660507626818,
    "Std_dev": 60.01747323463993,
    "Conf_Int_95": 1.7541726482442221,
    "Min": -0.4265326224267483,
    "Max": 335.0176786594093,
    "Freesurfer excluded voxels": 1803.0
  },
  "Insular Cortex": {
    "Voxels": 936.0,
    "Mean": 137.93553109374494,
    "Std_dev": 40.88529739742583,
    "Conf_Int_95": 2.6193003931224133,
    "Min": 27.677227944135666,
    "Max": 275.1016933368519,
    "Freesurfer excluded voxels": 118.0
  },
  "Superior Frontal Gyrus": {
    "Voxels": 784.0,
    "Mean": 148.15244315206834,
    "Std_dev": 46.97373995092316,
    "Conf_Int_95": 3.2881617965646215,
    "Min": 6.243963667191565,
    "Max": 340.82326157577336,
    "Freesurfer excluded voxels": 306.0
  },
  "Middle Frontal Gyrus": {
    "Voxels": 1637.0,
    "Mean": 123.16555049817295,
    "Std_dev": 60.36649883396662,
    "Conf_Int_95": 2.924339024309953,
    "Min": 1.2440534820780158,
    "Max": 324.3069705851376,
    "Freesurfer excluded voxels": 402.0
  },
  "Inferior Frontal Gyrus, pars triangularis": {
    "Voxels": 489.0,
    "Mean": 129.40930468625444,
    "Std_dev": 47.72661070277967,
    "Conf_Int_95": 4.230213003436188,
    "Min": 4.762947617098689,
    "Max": 280.1371479071677,
    "Freesurfer excluded voxels": 144.0
  },
  "Inferior Frontal Gyrus, pars opercularis": {
    "Voxels": 484.0,
    "Mean": 133.64720659523488,
    "Std_dev": 44.354862664914606,
    "Conf_Int_95": 3.9516150374196646,
    "Min": 16.07791023980826,
    "Max": 275.1372377220541,
    "Freesurfer excluded voxels": 136.0
  },
  "Precentral Gyrus": {
    "Voxels": 2289.0,
    "Mean": 149.04364767974562,
    "Std_dev": 54.23535198150366,
    "Conf_Int_95": 2.221854615858069,
    "Min": 4.194237453863025,
    "Max": 360.479306592606,
    "Freesurfer excluded voxels": 693.0
  },
  "Temporal Pole": {
    "Voxels": 1673.0,
    "Mean": 55.74069212659752,
    "Std_dev": 43.93261898429251,
    "Conf_Int_95": 2.1052088874953583,
    "Min": 1.445471664890647,
    "Max": 233.2541038254276,
    "Freesurfer excluded voxels": 393.0
  },
  "Superior Temporal Gyrus, anterior division": {
    "Voxels": 250.0,
    "Mean": 108.36051794248819,
    "Std_dev": 54.04227475645139,
    "Conf_Int_95": 6.699149784146705,
    "Min": 9.09936261177063,
    "Max": 238.8464204305783,
    "Freesurfer excluded voxels": 23.0
  },
  "Superior Temporal Gyrus, posterior division": {
    "Voxels": 482.0,
    "Mean": 115.13202459044577,
    "Std_dev": 58.686822031649044,
    "Conf_Int_95": 5.239298529430643,
    "Min": 5.4738353211432695,
    "Max": 271.7723692562431,
    "Freesurfer excluded voxels": 82.0
  },
  "Middle Temporal Gyrus, anterior division": {
    "Voxels": 317.0,
    "Mean": 97.02148291293226,
    "Std_dev": 47.55640640368402,
    "Conf_Int_95": 5.235226427719237,
    "Min": 7.440624635666609,
    "Max": 252.77981942985207,
    "Freesurfer excluded voxels": 56.0
  },
  "Middle Temporal Gyrus, posterior division": {
    "Voxels": 874.0,
    "Mean": 120.23309892815595,
    "Std_dev": 56.194253099922676,
    "Conf_Int_95": 3.7255659719819816,
    "Min": 4.999910185113549,
    "Max": 292.9331265799701,
    "Freesurfer excluded voxels": 268.0
  },
  "Middle Temporal Gyrus, temporooccipital part": {
    "Voxels": 632.0,
    "Mean": 143.67158605084205,
    "Std_dev": 51.15677832990069,
    "Conf_Int_95": 3.9884184682609316,
    "Min": 12.535319847986102,
    "Max": 325.33775775600225,
    "Freesurfer excluded voxels": 208.0
  },
  "Inferior Temporal Gyrus, anterior division": {
    "Voxels": 208.0,
    "Mean": 57.56720779142164,
    "Std_dev": 31.874819635824437,
    "Conf_Int_95": 4.331837333125723,
    "Min": 4.680010718293488,
    "Max": 156.1227879365906,
    "Freesurfer excluded voxels": 73.0
  },
  "Inferior Temporal Gyrus, posterior division": {
    "Voxels": 641.0,
    "Mean": 79.5272625281785,
    "Std_dev": 48.36611507175287,
    "Conf_Int_95": 3.7442795108169267,
    "Min": 4.37195937987417,
    "Max": 243.79893810208887,
    "Freesurfer excluded voxels": 338.0
  },
  "Inferior Temporal Gyrus, temporooccipital part": {
    "Voxels": 529.0,
    "Mean": 122.08130086658589,
    "Std_dev": 49.03197342805246,
    "Conf_Int_95": 4.178376866042731,
    "Min": 6.054393612779677,
    "Max": 266.63028153032064,
    "Freesurfer excluded voxels": 150.0
  },
  "Postcentral Gyrus": {
    "Voxels": 2017.0,
    "Mean": 143.36620120680024,
    "Std_dev": 59.13111001447303,
    "Conf_Int_95": 2.580590855215906,
    "Min": 0.6990395756438375,
    "Max": 373.9743248410523,
    "Freesurfer excluded voxels": 452.0
  },
  "Superior Parietal Lobule": {
    "Voxels": 882.0,
    "Mean": 148.29861708539337,
    "Std_dev": 62.34812221121387,
    "Conf_Int_95": 4.114766134247714,
    "Min": 3.175298411399126,
    "Max": 318.37105825636536,
    "Freesurfer excluded voxels": 288.0
  },
  "Supramarginal Gyrus, anterior division": {
    "Voxels": 569.0,
    "Mean": 147.3960479218873,
    "Std_dev": 64.21774944495938,
    "Conf_Int_95": 5.276610283381357,
    "Min": 4.206085582263768,
    "Max": 300.8595244800672,
    "Freesurfer excluded voxels": 158.0
  },
  "Supramarginal Gyrus, posterior division": {
    "Voxels": 853.0,
    "Mean": 138.42754566530039,
    "Std_dev": 58.203955135756345,
    "Conf_Int_95": 3.9060163159019736,
    "Min": 4.217933710664511,
    "Max": 306.98500686325133,
    "Freesurfer excluded voxels": 214.0
  },
  "Angular Gyrus": {
    "Voxels": 765.0,
    "Mean": 142.06633876719408,
    "Std_dev": 54.68531051660821,
    "Conf_Int_95": 3.8752170857989094,
    "Min": 5.556772219948471,
    "Max": 326.62920375168324,
    "Freesurfer excluded voxels": 220.0
  },
  "Lateral Occipital Cortex, superior division": {
    "Voxels": 2775.0,
    "Mean": 135.64734343794586,
    "Std_dev": 55.41708442321885,
    "Conf_Int_95": 2.0619030962383063,
    "Min": 3.6373754190281034,
    "Max": 332.99164870288223,
    "Freesurfer excluded voxels": 1019.0
  },
  "Lateral Occipital Cortex, inferior division": {
    "Voxels": 1237.0,
    "Mean": 135.17075689751113,
    "Std_dev": 50.765466074520035,
    "Conf_Int_95": 2.829043330593144,
    "Min": 7.310295223258436,
    "Max": 281.20347946323454,
    "Freesurfer excluded voxels": 470.0
  },
  "Intracalcarine Cortex": {
    "Voxels": 445.0,
    "Mean": 141.00673272286156,
    "Std_dev": 34.09956168200225,
    "Conf_Int_95": 3.1682895320413356,
    "Min": 52.87819705251604,
    "Max": 268.4904376892373,
    "Freesurfer excluded voxels": 143.0
  },
  "Frontal Medial Cortex": {
    "Voxels": 341.0,
    "Mean": 94.4195767234836,
    "Std_dev": 46.73798736071872,
    "Conf_Int_95": 4.960767677578046,
    "Min": 5.627860990352929,
    "Max": 197.28318600077182,
    "Freesurfer excluded voxels": 54.0
  },
  "Juxtapositional Lobule Cortex (formerly Supplementary Motor Cortex)": {
    "Voxels": 366.0,
    "Mean": 149.44737111277308,
    "Std_dev": 39.58151420240598,
    "Conf_Int_95": 4.055159426160848,
    "Min": 62.16712971869856,
    "Max": 304.4732036422938,
    "Freesurfer excluded voxels": 50.0
  },
  "Subcallosal Cortex": {
    "Voxels": 491.0,
    "Mean": 87.13106386724085,
    "Std_dev": 38.30416510052251,
    "Conf_Int_95": 3.3881398330655657,
    "Min": 7.262902709655464,
    "Max": 237.85117764491588,
    "Freesurfer excluded voxels": 53.0
  },
  "Paracingulate Gyrus": {
    "Voxels": 964.0,
    "Mean": 151.65652286250597,
    "Std_dev": 44.82097607895697,
    "Conf_Int_95": 2.8294294168152994,
    "Min": 39.86895206850022,
    "Max": 320.7762283217162,
    "Freesurfer excluded voxels": 75.0
  },
  "Cingulate Gyrus, anterior division": {
    "Voxels": 776.0,
    "Mean": 135.99141310871167,
    "Std_dev": 51.136212480929146,
    "Conf_Int_95": 3.597938773246342,