{
  "No ROI": {
    "Voxels": 6106.0,
    "Mean": 57.90639919835386,
    "Std_dev": 28.72882799229077,
    "Conf_Int_95": 0.7206021946327147,
    "Min": 1.1365563860163093,
    "Max": 213.69138662703335,
    "Freesurfer excluded voxels": 170986.0
  },
  "Frontal Pole": {
    "Voxels": 4384.0,
    "Mean": 85.17046063693974,
    "Std_dev": 38.63805162776868,
    "Conf_Int_95": 1.1437629309467863,
    "Min": 1.6813520090654492,
    "Max": 249.91090253181756,
    "Freesurfer excluded voxels": 1836.0
  },
  "Insular Cortex": {
    "Voxels": 923.0,
    "Mean": 71.54630743924787,
    "Std_dev": 19.33575763657213,
    "Conf_Int_95": 1.247430661335651,
    "Min": 21.397317746654153,
    "Max": 138.23719283472747,
    "Freesurfer excluded voxels": 111.0
  },
  "Superior Frontal Gyrus": {
    "Voxels": 1641.0,
    "Mean": 94.25485732040376,
    "Std_dev": 43.78124922251431,
    "Conf_Int_95": 2.1183120177176304,
    "Min": 0.4602583711966872,
    "Max": 259.4448259351775,
    "Freesurfer excluded voxels": 434.0
  },
  "Middle Frontal Gyrus": {
    "Voxels": 1687.0,
    "Mean": 102.82382924152262,
    "Std_dev": 43.350781725756384,
    "Conf_Int_95": 2.068690230082467,
    "Min": 0.6199398469179869,
    "Max": 251.82708024047315,
    "Freesurfer excluded voxels": 443.0
  },
  "Inferior Frontal Gyrus, pars triangularis": {
    "Voxels": 454.0,
    "Mean": 103.5354992183426,
    "Std_dev": 30.143554649130373,
    "Conf_Int_95": 2.7728259491320864,
    "Min": 8.341008849442005,
    "Max": 212.41393482126296,
    "Freesurfer excluded voxels": 137.0
  },
  "Inferior Frontal Gyrus, pars opercularis": {
    "Voxels": 461.0,
    "Mean": 100.47638495202598,
    "Std_dev": 32.89646110951891,
    "Conf_Int_95": 3.0029962452568024,
    "Min": 17.555569301359355,
    "Max": 197.15026434790343,
    "Freesurfer excluded voxels": 135.0
  },
  "Precentral Gyrus": {
    "Voxels": 2717.0,
    "Mean": 120.41537595989391,
    "Std_dev": 43.82464304344138,
    "Conf_Int_95": 1.6478953928483402,
    "Min": 2.0570731284096837,
    "Max": 275.24389900360256,
    "Freesurfer excluded voxels": 698.0
  },
  "Temporal Pole": {
    "Voxels": 1603.0,
    "Mean": 46.465141362313084,
    "Std_dev": 27.58420176163834,
    "Conf_Int_95": 1.3503605162008088,
    "Min": 0.9393027983605862,
    "Max": 152.8621374052018,
    "Freesurfer excluded voxels": 375.0
  },
  "Superior Temporal Gyrus, anterior division": {
    "Voxels": 227.0,
    "Mean": 75.85577677283847,
    "Std_dev": 33.66261506438165,
    "Conf_Int_95": 4.379161820138712,
    "Min": 5.4479562304914,
    "Max": 196.81211534049362,
    "Freesurfer excluded voxels": 19.0
  },
  "Superior Temporal Gyrus, posterior division": {
    "Voxels": 466.0,
    "Mean": 78.19681686653192,
    "Std_dev": 38.722312574718075,
    "Conf_Int_95": 3.5158019231696738,
    "Min": 2.2073615761473775,
    "Max": 232.40229837037623,
    "Freesurfer excluded voxels": 83.0
  },
  "Middle Temporal Gyrus, anterior division": {
    "Voxels": 316.0,
    "Mean": 73.12106670540334,
    "Std_dev": 28.351001682011848,
    "Conf_Int_95": 3.1259421592133587,
    "Min": 4.7904442716389894,
    "Max": 173.45165474526584,
    "Freesurfer excluded voxels": 54.0
  },
  "Middle Temporal Gyrus, posterior division": {
    "Voxels": 831.0,
    "Mean": 81.90289746630695,
    "Std_dev": 32.60249685044718,
    "Conf_Int_95": 2.2166974469802017,
    "Min": 3.38149007409811,
    "Max": 200.65386378578842,
    "Freesurfer excluded voxels": 274.0
  },
  "Middle Temporal Gyrus, temporooccipital part": {
    "Voxels": 598.0,
    "Mean": 100.12330109894862,
    "Std_dev": 33.5999533136708,
    "Conf_Int_95": 2.693048366530553,
    "Min": 1.9349637646228075,
    "Max": 220.1913619916886,
    "Freesurfer excluded voxels": 192.0
  },
  "Inferior Temporal Gyrus, anterior division": {
    "Voxels": 206.0,
    "Mean": 57.020057193916834,
    "Std_dev": 26.333807787790764,
    "Conf_Int_95": 3.596136122441653,
    "Min": 5.654602846130729,
    "Max": 138.152655582875,
    "Freesurfer excluded voxels": 115.0
  },
  "Inferior Temporal Gyrus, posterior division": {
    "Voxels": 628.0,
    "Mean": 65.5308186968486,
    "Std_dev": 32.999379703478965,
    "Conf_Int_95": 2.5809644694175344,
    "Min": 3.5505645778030157,
    "Max": 168.83967800531536,
    "Freesurfer excluded voxels": 407.0
  },
  "Inferior Temporal Gyrus, temporooccipital part": {
    "Voxels": 508.0,
    "Mean": 102.65355534009328,
    "Std_dev": 36.00205615133862,
    "Conf_Int_95": 3.130772570068967,
    "Min": 15.705142788589,
    "Max": 256.44845000840724,
    "Freesurfer excluded voxels": 123.0
  },
  "Postcentral Gyrus": {
    "Voxels": 2107.0,
    "Mean": 122.72193008453701,
    "Std_dev": 41.87436640356524,
    "Conf_Int_95": 1.7880186828356586,
    "Min": 8.66976482886821,
    "Max": 286.76914433948696,
    "Freesurfer excluded voxels": 498.0
  },
  "Superior Parietal Lobule": {
    "Voxels": 827.0,
    "Mean": 124.14558371168503,
    "Std_dev": 39.84820088523782,
    "Conf_Int_95": 2.715889116349479,
    "Min": 3.062127122655511,
    "Max": 251.29167764540762,
    "Freesurfer excluded voxels": 284.0
  },
  "Supramarginal Gyrus, anterior division": {
    "Voxels": 516.0,
    "Mean": 129.46204769772535,
    "Std_dev": 52.24024367133801,
    "Conf_Int_95": 4.507507048935896,
    "Min": 1.0614121621474624,
    "Max": 286.9851839831099,
    "Freesurfer excluded voxels": 174.0
  },
  "Supramarginal Gyrus, posterior division": {
    "Voxels": 808.0,
    "Mean": 116.03500419021077,
    "Std_dev": 43.33783594203358,
    "Conf_Int_95": 2.988254706348424,
    "Min": 10.632907677441835,
    "Max": 259.0878908718005,
    "Freesurfer excluded voxels": 211.0
  },
  "Angular Gyrus": {
    "Voxels": 731.0,
    "Mean": 110.7172527368169,
    "Std_dev": 38.355713631822645,
    "Conf_Int_95": 2.7805291368067935,
    "Min": 8.66976482886821,
    "Max": 232.6840892098844,
    "Freesurfer excluded voxels": 216.0
  },
  "Lateral Occipital Cortex, superior division": {
    "Voxels": 2636.0,
    "Mean": 110.5051008502572,
    "Std_dev": 40.61576355187488,
    "Conf_Int_95": 1.550522206342136,
    "Min": 2.6676199473440647,
    "Max": 244.50991144124418,
    "Freesurfer excluded voxels": 951.0
  },
  "Lateral Occipital Cortex, inferior division": {
    "Voxels": 1372.0,
    "Mean": 108.8291010038042,
    "Std_dev": 38.227403093323474,
    "Conf_Int_95": 2.0228040370551033,
    "Min": 2.028894044458866,
    "Max": 262.4881670018658,
    "Freesurfer excluded voxels": 483.0
  },
  "Intracalcarine Cortex": {
    "Voxels": 417.0,
    "Mean": 98.54119788940183,
    "Std_dev": 30.40616717245903,
    "Conf_Int_95": 2.918432968760318,
    "Min": 35.39292944222689,
    "Max": 307.78134793881327,
    "Freesurfer excluded voxels": 133.0
  },
  "Frontal Medial Cortex": {
    "Voxels": 320.0,
    "Mean": 62.85280098162475,
    "Std_dev": 31.572674333937943,
    "Conf_Int_95": 3.4593336560652586,
    "Min": 4.771658215671778,
    "Max": 160.18869923241436,
    "Freesurfer excluded voxels": 60.0
  },
  "Juxtapositional Lobule Cortex (formerly Supplementary Motor Cortex)": {
    "Voxels": 490.0,
    "Mean": 117.7930565645158,
    "Std_dev": 32.378564570064526,
    "Conf_Int_95": 2.866920319430564,
    "Min": 27.277353264391422,
    "Max": 270.08712664060295,
    "Freesurfer excluded voxels": 46.0
  },
  "Subcallosal Cortex": {
    "Voxels": 481.0,
    "Mean": 48.43127246470948,
    "Std_dev": 20.503882124366804,
    "Conf_Int_95": 1.8323972427809823,
    "Min": 5.56067256629467,
    "Max": 102.75972614064813,
    "Freesurfer excluded voxels": 45.0
  },
  "Paracingulate Gyrus": {
    "Voxels": 918.0,
    "Mean": 102.54010527720574,
    "Std_dev": 27.089850789845244,
    "Conf_Int_95": 1.7524326810124393,
    "Min": 21.162492047064006,
    "Max": 220.5107249431312,
    "Freesurfer excluded voxels": 79.0
  },
  "Cingulate Gyrus, anterior division": {
    "Voxels": 725.0,
    "Mean": 90.59574194597786,
    "Std_dev": 31.625711873970864,